benchmark-name,benchmark-type,server-node,client-node,socket-buffer-size,mtu,bandwidth,client-ram,client-cpu,server-ram,server-cpu,transport-protocol,loss,delay
22-headscale-relay,idle,l26-node03,l26-node02,2M,1230,0,801,2.75,912,2.64,idle,1,0
22-headscale-relay,pod2pod,l26-node03,l26-node02,2M,1230,164,809,29.38,932,33.0,tcp,1,0
22-headscale-relay,pod2pod,l26-node03,l26-node02,2M,1230,270,803,40.29,929,30.37,udp,1,0
22-headscale-relay,pod2svc,l26-node03,l26-node02,2M,1230,165,807,29.07,890,33.46,tcp,1,0
22-headscale-relay,pod2svc,l26-node03,l26-node02,2M,1230,269,802,39.73,886,30.12,udp,1,0
22-headscale-relay,idle,l26-node03,l26-node02,2M,1230,0,801,2.9,923,2.71,idle,1,0
22-headscale-relay,pod2pod,l26-node03,l26-node02,2M,1230,163,805,29.29,887,32.3,tcp,1,0
22-headscale-relay,pod2pod,l26-node03,l26-node02,2M,1230,267,803,39.49,889,29.55,udp,1,0
22-headscale-relay,pod2svc,l26-node03,l26-node02,2M,1230,163,805,28.9,928,32.94,tcp,1,0
22-headscale-relay,pod2svc,l26-node03,l26-node02,2M,1230,266,803,39.89,897,30.43,udp,1,0
22-headscale-relay,idle,l26-node03,l26-node02,2M,1230,0,744,2.5,740,2.36,idle,1,0
22-headscale-relay,pod2pod,l26-node03,l26-node02,2M,1230,164,799,29.56,799,32.88,tcp,1,0
22-headscale-relay,pod2pod,l26-node03,l26-node02,2M,1230,266,798,39.24,867,29.97,udp,1,0
22-headscale-relay,pod2svc,l26-node03,l26-node02,2M,1230,165,804,29.58,892,33.14,tcp,1,0
22-headscale-relay,pod2svc,l26-node03,l26-node02,2M,1230,269,806,39.53,885,30.3,udp,1,0
22-headscale-relay,idle,l26-node03,l26-node02,2M,1230,0,799,2.85,924,2.54,idle,1,0
22-headscale-relay,pod2pod,l26-node03,l26-node02,2M,1230,164,806,29.15,903,33.17,tcp,1,0
22-headscale-relay,pod2pod,l26-node03,l26-node02,2M,1230,264,804,39.47,898,29.33,udp,1,0
22-headscale-relay,pod2svc,l26-node03,l26-node02,2M,1230,163,808,29.28,934,33.14,tcp,1,0
22-headscale-relay,pod2svc,l26-node03,l26-node02,2M,1230,263,809,39.06,938,29.56,udp,1,0
22-headscale-relay,idle,l26-node03,l26-node02,2M,1230,0,798,2.94,910,2.49,idle,1,0
22-headscale-relay,pod2pod,l26-node03,l26-node02,2M,1230,163,804,29.38,930,32.66,tcp,1,0
22-headscale-relay,pod2pod,l26-node03,l26-node02,2M,1230,267,800,39.81,928,29.53,udp,1,0
22-headscale-relay,pod2svc,l26-node03,l26-node02,2M,1230,164,806,29.19,896,32.83,tcp,1,0
22-headscale-relay,pod2svc,l26-node03,l26-node02,2M,1230,267,806,38.58,882,30.11,udp,1,0
22-headscale-relay,idle,l26-node03,l26-node02,2M,1230,0,795,2.84,897,2.55,idle,1,0
22-headscale-relay,pod2pod,l26-node03,l26-node02,2M,1230,164,805,29.13,912,33.07,tcp,1,0
22-headscale-relay,pod2pod,l26-node03,l26-node02,2M,1230,268,804,39.65,895,29.72,udp,1,0
22-headscale-relay,pod2svc,l26-node03,l26-node02,2M,1230,163,804,29.63,938,32.45,tcp,1,0
22-headscale-relay,pod2svc,l26-node03,l26-node02,2M,1230,267,802,40.02,946,30.75,udp,1,0
22-headscale-relay,idle,l26-node03,l26-node02,2M,1230,0,792,2.9,905,2.65,idle,1,0
22-headscale-relay,pod2pod,l26-node03,l26-node02,2M,1230,163,803,29.72,882,33.11,tcp,1,0
22-headscale-relay,pod2pod,l26-node03,l26-node02,2M,1230,269,802,39.67,881,29.93,udp,1,0
22-headscale-relay,pod2svc,l26-node03,l26-node02,2M,1230,165,806,29.82,924,33.55,tcp,1,0
22-headscale-relay,pod2svc,l26-node03,l26-node02,2M,1230,266,808,39.16,938,30.43,udp,1,0
22-headscale-relay,idle,l26-node03,l26-node02,2M,1230,0,803,2.69,925,2.54,idle,1,0
22-headscale-relay,pod2pod,l26-node03,l26-node02,2M,1230,163,812,29.82,943,33.14,tcp,1,0
22-headscale-relay,pod2pod,l26-node03,l26-node02,2M,1230,264,806,39.58,948,29.67,udp,1,0
22-headscale-relay,pod2svc,l26-node03,l26-node02,2M,1230,163,810,29.61,922,32.85,tcp,1,0
22-headscale-relay,pod2svc,l26-node03,l26-node02,2M,1230,269,805,39.5,883,30.02,udp,1,0
22-headscale-relay,idle,l26-node03,l26-node02,2M,1230,0,793,2.9,889,2.52,idle,1,0
22-headscale-relay,pod2pod,l26-node03,l26-node02,2M,1230,162,802,29.63,879,32.74,tcp,1,0
22-headscale-relay,pod2pod,l26-node03,l26-node02,2M,1230,269,802,39.56,893,29.71,udp,1,0
22-headscale-relay,pod2svc,l26-node03,l26-node02,2M,1230,162,805,28.59,936,32.47,tcp,1,0
22-headscale-relay,pod2svc,l26-node03,l26-node02,2M,1230,268,804,40.47,945,30.54,udp,1,0
22-headscale-relay,idle,l26-node03,l26-node02,2M,1230,0,798,3.11,930,2.65,idle,1,0
22-headscale-relay,pod2pod,l26-node03,l26-node02,2M,1230,163,804,29.52,941,33.0,tcp,1,0
22-headscale-relay,pod2pod,l26-node03,l26-node02,2M,1230,266,807,39.85,941,29.57,udp,1,0
22-headscale-relay,pod2svc,l26-node03,l26-node02,2M,1230,164,808,29.34,907,32.71,tcp,1,0
22-headscale-relay,pod2svc,l26-node03,l26-node02,2M,1230,265,806,39.25,897,29.36,udp,1,0
22-headscale-relay,idle,l26-node03,l26-node02,2M,1230,0,756,1.36,757,1.87,idle,0,350
22-headscale-relay,pod2pod,l26-node03,l26-node02,2M,1230,19.4,764,6.76,739,7.86,tcp,0,350
22-headscale-relay,pod2pod,l26-node03,l26-node02,2M,1230,19.9,776,31.76,773,5.52,udp,0,350
22-headscale-relay,pod2svc,l26-node03,l26-node02,2M,1230,23.5,796,7.78,803,9.0,tcp,0,350
22-headscale-relay,pod2svc,l26-node03,l26-node02,2M,1230,20.0,781,32.21,804,5.44,udp,0,350
22-headscale-relay,idle,l26-node03,l26-node02,2M,1230,0,745,1.39,847,2.14,idle,0,350
22-headscale-relay,pod2pod,l26-node03,l26-node02,2M,1230,23.2,748,7.64,799,9.16,tcp,0,350
22-headscale-relay,pod2pod,l26-node03,l26-node02,2M,1230,-1,-1,0.0,831,6.67,udp,0,350
22-headscale-relay,pod2svc,l26-node03,l26-node02,2M,1230,21.0,810,7.15,848,8.73,tcp,0,350
22-headscale-relay,pod2svc,l26-node03,l26-node02,2M,1230,22.3,793,31.63,857,5.88,udp,0,350
22-headscale-relay,idle,l26-node03,l26-node02,2M,1230,0,741,1.57,709,1.99,idle,0,350
22-headscale-relay,pod2pod,l26-node03,l26-node02,2M,1230,19.3,783,6.89,739,7.81,tcp,0,350
22-headscale-relay,pod2pod,l26-node03,l26-node02,2M,1230,25.5,790,31.84,782,6.59,udp,0,350
22-headscale-relay,pod2svc,l26-node03,l26-node02,2M,1230,21.1,764,7.17,794,8.45,tcp,0,350
22-headscale-relay,pod2svc,l26-node03,l26-node02,2M,1230,23.3,769,30.35,777,5.99,udp,0,350
22-headscale-relay,idle,l26-node03,l26-node02,2M,1230,0,747,1.37,840,2.58,idle,0,350
22-headscale-relay,pod2pod,l26-node03,l26-node02,2M,1230,19.7,766,6.77,815,8.09,tcp,0,350
22-headscale-relay,pod2pod,l26-node03,l26-node02,2M,1230,24.7,769,31.5,834,6.16,udp,0,350
22-headscale-relay,pod2svc,l26-node03,l26-node02,2M,1230,22.8,799,7.46,853,8.65,tcp,0,350
22-headscale-relay,pod2svc,l26-node03,l26-node02,2M,1230,22.7,782,32.08,858,6.04,udp,0,350
22-headscale-relay,idle,l26-node03,l26-node02,2M,1230,0,746,1.58,784,2.17,idle,0,350
22-headscale-relay,pod2pod,l26-node03,l26-node02,2M,1230,22.2,749,7.18,767,9.15,tcp,0,350
22-headscale-relay,pod2pod,l26-node03,l26-node02,2M,1230,25.5,754,31.23,840,6.85,udp,0,350
22-headscale-relay,pod2svc,l26-node03,l26-node02,2M,1230,21.3,796,7.09,864,8.34,tcp,0,350
22-headscale-relay,pod2svc,l26-node03,l26-node02,2M,1230,21.9,782,32.45,862,5.72,udp,0,350
22-headscale-relay,idle,l26-node03,l26-node02,2M,1230,0,768,1.48,844,1.87,idle,0,350
22-headscale-relay,pod2pod,l26-node03,l26-node02,2M,1230,24.6,777,7.39,857,9.07,tcp,0,350
22-headscale-relay,pod2pod,l26-node03,l26-node02,2M,1230,25.1,772,31.8,834,6.18,udp,0,350
22-headscale-relay,pod2svc,l26-node03,l26-node02,2M,1230,23.5,809,7.62,843,9.0,tcp,0,350
22-headscale-relay,pod2svc,l26-node03,l26-node02,2M,1230,20.1,791,32.04,848,5.44,udp,0,350
22-headscale-relay,idle,l26-node03,l26-node02,2M,1230,0,763,1.56,840,2.08,idle,0,350
22-headscale-relay,pod2pod,l26-node03,l26-node02,2M,1230,21.6,774,7.24,851,8.33,tcp,0,350
22-headscale-relay,pod2pod,l26-node03,l26-node02,2M,1230,24.5,771,31.11,838,6.27,udp,0,350
22-headscale-relay,pod2svc,l26-node03,l26-node02,2M,1230,24.9,798,7.75,854,9.21,tcp,0,350
22-headscale-relay,pod2svc,l26-node03,l26-node02,2M,1230,22.3,769,31.67,857,5.99,udp,0,350
22-headscale-relay,idle,l26-node03,l26-node02,2M,1230,0,770,1.85,830,2.08,idle,0,350
22-headscale-relay,pod2pod,l26-node03,l26-node02,2M,1230,21.7,783,6.9,848,7.97,tcp,0,350
22-headscale-relay,pod2pod,l26-node03,l26-node02,2M,1230,26.1,768,31.24,837,6.73,udp,0,350
22-headscale-relay,pod2svc,l26-node03,l26-node02,2M,1230,22.4,789,7.33,854,9.28,tcp,0,350
22-headscale-relay,pod2svc,l26-node03,l26-node02,2M,1230,-1,-1,0.0,860,7.17,udp,0,350
22-headscale-relay,idle,l26-node03,l26-node02,2M,1230,0,750,1.48,842,2.84,idle,0,350
22-headscale-relay,pod2pod,l26-node03,l26-node02,2M,1230,23.0,766,7.54,818,9.24,tcp,0,350
22-headscale-relay,pod2pod,l26-node03,l26-node02,2M,1230,22.7,772,31.38,851,5.99,udp,0,350
22-headscale-relay,pod2svc,l26-node03,l26-node02,2M,1230,23.2,810,7.54,856,8.8,tcp,0,350
22-headscale-relay,pod2svc,l26-node03,l26-node02,2M,1230,25.7,800,32.01,856,6.64,udp,0,350
22-headscale-relay,idle,l26-node03,l26-node02,2M,1230,0,751,1.63,842,2.37,idle,0,350
22-headscale-relay,pod2pod,l26-node03,l26-node02,2M,1230,26.2,760,8.18,804,9.92,tcp,0,350
22-headscale-relay,pod2pod,l26-node03,l26-node02,2M,1230,22.5,759,31.43,835,6.35,udp,0,350
22-headscale-relay,pod2svc,l26-node03,l26-node02,2M,1230,20.7,805,7.25,851,8.54,tcp,0,350
22-headscale-relay,pod2svc,l26-node03,l26-node02,2M,1230,23.3,793,32.06,838,5.97,udp,0,350
22-headscale-relay,idle,l26-node03,l26-node02,2M,1230,0,721,2.42,788,2.2,idle,0,50
22-headscale-relay,pod2pod,l26-node03,l26-node02,2M,1230,105,729,24.7,827,26.13,tcp,0,50
22-headscale-relay,pod2pod,l26-node03,l26-node02,2M,1230,143,719,23.59,795,15.31,udp,0,50
22-headscale-relay,pod2svc,l26-node03,l26-node02,2M,1230,114,726,25.86,852,26.54,tcp,0,50
22-headscale-relay,pod2svc,l26-node03,l26-node02,2M,1230,134,720,34.3,871,21.29,udp,0,50
22-headscale-relay,idle,l26-node03,l26-node02,2M,1230,0,690,2.34,863,1.99,idle,0,50
22-headscale-relay,pod2pod,l26-node03,l26-node02,2M,1230,96.2,698,23.01,844,24.12,tcp,0,50
22-headscale-relay,pod2pod,l26-node03,l26-node02,2M,1230,166,699,33.36,826,22.43,udp,0,50
22-headscale-relay,pod2svc,l26-node03,l26-node02,2M,1230,97.4,697,23.02,853,24.26,tcp,0,50
22-headscale-relay,pod2svc,l26-node03,l26-node02,2M,1230,133,716,1.68,864,1.53,udp,0,50
22-headscale-relay,idle,l26-node03,l26-node02,2M,1230,0,681,1.94,706,1.66,idle,0,50
22-headscale-relay,pod2pod,l26-node03,l26-node02,2M,1230,93.1,714,22.09,754,24.36,tcp,0,50
22-headscale-relay,pod2pod,l26-node03,l26-node02,2M,1230,150,716,27.1,791,17.81,udp,0,50
22-headscale-relay,pod2svc,l26-node03,l26-node02,2M,1230,94.5,717,23.77,821,24.9,tcp,0,50
22-headscale-relay,pod2svc,l26-node03,l26-node02,2M,1230,153,710,31.71,803,22.0,udp,0,50
22-headscale-relay,idle,l26-node03,l26-node02,2M,1230,0,686,2.26,856,2.15,idle,0,50
22-headscale-relay,pod2pod,l26-node03,l26-node02,2M,1230,99.2,698,24.36,843,24.92,tcp,0,50
22-headscale-relay,pod2pod,l26-node03,l26-node02,2M,1230,173,696,2.3,816,1.61,udp,0,50
22-headscale-relay,pod2svc,l26-node03,l26-node02,2M,1230,93.4,724,22.87,863,24.69,tcp,0,50
22-headscale-relay,pod2svc,l26-node03,l26-node02,2M,1230,-1,-1,0.0,871,23.01,udp,0,50
22-headscale-relay,idle,l26-node03,l26-node02,2M,1230,0,720,2.43,857,1.9,idle,0,50
22-headscale-relay,pod2pod,l26-node03,l26-node02,2M,1230,105,732,25.85,786,26.39,tcp,0,50
22-headscale-relay,pod2pod,l26-node03,l26-node02,2M,1230,151,705,31.42,802,21.19,udp,0,50
22-headscale-relay,pod2svc,l26-node03,l26-node02,2M,1230,97.1,724,24.2,837,25.37,tcp,0,50
22-headscale-relay,pod2svc,l26-node03,l26-node02,2M,1230,137,719,28.94,802,18.02,udp,0,50
22-headscale-relay,idle,l26-node03,l26-node02,2M,1230,0,705,2.47,850,1.84,idle,0,50
22-headscale-relay,pod2pod,l26-node03,l26-node02,2M,1230,106,735,25.08,768,25.73,tcp,0,50
22-headscale-relay,pod2pod,l26-node03,l26-node02,2M,1230,162,737,31.93,802,20.54,udp,0,50
22-headscale-relay,pod2svc,l26-node03,l26-node02,2M,1230,109,741,25.31,874,26.97,tcp,0,50
22-headscale-relay,pod2svc,l26-node03,l26-node02,2M,1230,-1,-1,0.0,873,22.54,udp,0,50
22-headscale-relay,idle,l26-node03,l26-node02,2M,1230,0,714,2.53,780,1.99,idle,0,50
22-headscale-relay,pod2pod,l26-node03,l26-node02,2M,1230,87.1,725,21.79,822,23.75,tcp,0,50
22-headscale-relay,pod2pod,l26-node03,l26-node02,2M,1230,136,715,27.92,852,17.26,udp,0,50
22-headscale-relay,pod2svc,l26-node03,l26-node02,2M,1230,104,728,24.05,850,25.1,tcp,0,50
22-headscale-relay,pod2svc,l26-node03,l26-node02,2M,1230,138,708,32.46,870,21.52,udp,0,50
22-headscale-relay,idle,l26-node03,l26-node02,2M,1230,0,719,2.54,866,2.2,idle,0,50
22-headscale-relay,pod2pod,l26-node03,l26-node02,2M,1230,90.7,734,22.53,837,23.41,tcp,0,50
22-headscale-relay,pod2pod,l26-node03,l26-node02,2M,1230,133,714,31.16,882,18.91,udp,0,50
22-headscale-relay,pod2svc,l26-node03,l26-node02,2M,1230,91.4,700,21.81,879,24.08,tcp,0,50
22-headscale-relay,pod2svc,l26-node03,l26-node02,2M,1230,159,698,34.99,880,22.56,udp,0,50
22-headscale-relay,idle,l26-node03,l26-node02,2M,1230,0,689,2.33,864,1.96,idle,0,50
22-headscale-relay,pod2pod,l26-node03,l26-node02,2M,1230,103,708,24.62,849,26.25,tcp,0,50
22-headscale-relay,pod2pod,l26-node03,l26-node02,2M,1230,154,735,16.59,880,10.81,udp,0,50
22-headscale-relay,pod2svc,l26-node03,l26-node02,2M,1230,89.2,740,22.39,885,23.58,tcp,0,50
22-headscale-relay,pod2svc,l26-node03,l26-node02,2M,1230,161,735,34.21,880,22.7,udp,0,50
22-headscale-relay,idle,l26-node03,l26-node02,2M,1230,0,724,2.62,872,2.04,idle,0,50
22-headscale-relay,pod2pod,l26-node03,l26-node02,2M,1230,95.4,732,23.55,871,24.24,tcp,0,50
22-headscale-relay,pod2pod,l26-node03,l26-node02,2M,1230,140,722,1.62,815,1.57,udp,0,50
22-headscale-relay,pod2svc,l26-node03,l26-node02,2M,1230,99.3,742,23.71,844,24.71,tcp,0,50
22-headscale-relay,pod2svc,l26-node03,l26-node02,2M,1230,144,727,13.55,812,8.69,udp,0,50
22-headscale-relay,idle,l26-node03,l26-node02,2M,1230,0,1129,2.56,1126,3.0,idle,10,0
22-headscale-relay,pod2pod,l26-node03,l26-node02,2M,1230,7.78,1111,4.78,1120,5.31,tcp,10,0
22-headscale-relay,pod2pod,l26-node03,l26-node02,2M,1230,8.45,1129,1.77,1121,2.37,udp,10,0
22-headscale-relay,pod2svc,l26-node03,l26-node02,2M,1230,8.62,1150,5.02,1123,5.25,tcp,10,0
22-headscale-relay,pod2svc,l26-node03,l26-node02,2M,1230,8.51,1162,2.0,1120,2.34,udp,10,0
22-headscale-relay,idle,l26-node03,l26-node02,2M,1230,0,1095,2.88,1119,3.26,idle,10,0
22-headscale-relay,pod2pod,l26-node03,l26-node02,2M,1230,8.19,1086,4.79,1111,5.39,tcp,10,0
22-headscale-relay,pod2pod,l26-node03,l26-node02,2M,1230,6.06,1132,1.81,1128,2.4,udp,10,0
22-headscale-relay,pod2svc,l26-node03,l26-node02,2M,1230,7.86,1145,4.44,1123,4.78,tcp,10,0
22-headscale-relay,pod2svc,l26-node03,l26-node02,2M,1230,8.12,1132,1.82,1145,2.49,udp,10,0
22-headscale-relay,idle,l26-node03,l26-node02,2M,1230,0,963,2.05,1091,2.44,idle,10,0
22-headscale-relay,pod2pod,l26-node03,l26-node02,2M,1230,7.18,1001,4.37,1097,4.82,tcp,10,0
22-headscale-relay,pod2pod,l26-node03,l26-node02,2M,1230,8.33,1155,1.97,1117,2.72,udp,10,0
22-headscale-relay,pod2svc,l26-node03,l26-node02,2M,1230,7.69,1166,4.48,1125,4.79,tcp,10,0
22-headscale-relay,pod2svc,l26-node03,l26-node02,2M,1230,7.98,1136,2.23,1126,2.57,udp,10,0
22-headscale-relay,idle,l26-node03,l26-node02,2M,1230,0,1112,2.81,1119,3.03,idle,10,0
22-headscale-relay,pod2pod,l26-node03,l26-node02,2M,1230,9.97,1103,5.35,1119,5.96,tcp,10,0
22-headscale-relay,pod2pod,l26-node03,l26-node02,2M,1230,9.26,1124,1.91,1134,2.67,udp,10,0
22-headscale-relay,pod2svc,l26-node03,l26-node02,2M,1230,10.1,1132,5.21,1135,6.05,tcp,10,0
22-headscale-relay,pod2svc,l26-node03,l26-node02,2M,1230,6.7,1132,1.8,1131,2.34,udp,10,0
22-headscale-relay,idle,l26-node03,l26-node02,2M,1230,0,1084,2.36,1089,2.6,idle,10,0
22-headscale-relay,pod2pod,l26-node03,l26-node02,2M,1230,10.8,1026,5.31,1113,5.78,tcp,10,0
22-headscale-relay,pod2pod,l26-node03,l26-node02,2M,1230,6.79,1124,1.87,1126,2.76,udp,10,0
22-headscale-relay,pod2svc,l26-node03,l26-node02,2M,1230,9.31,1122,5.27,1131,5.25,tcp,10,0
22-headscale-relay,pod2svc,l26-node03,l26-node02,2M,1230,7.23,1123,1.8,1129,2.65,udp,10,0
22-headscale-relay,idle,l26-node03,l26-node02,2M,1230,0,1148,2.84,1130,3.03,idle,10,0
22-headscale-relay,pod2pod,l26-node03,l26-node02,2M,1230,9.21,1149,5.15,1120,5.45,tcp,10,0
22-headscale-relay,pod2pod,l26-node03,l26-node02,2M,1230,10.9,1136,1.64,1132,2.4,udp,10,0
22-headscale-relay,pod2svc,l26-node03,l26-node02,2M,1230,8.1,1139,4.55,1136,4.94,tcp,10,0
22-headscale-relay,pod2svc,l26-node03,l26-node02,2M,1230,7.96,1119,1.8,1176,2.49,udp,10,0
22-headscale-relay,idle,l26-node03,l26-node02,2M,1230,0,1140,2.77,1124,3.2,idle,10,0
22-headscale-relay,pod2pod,l26-node03,l26-node02,2M,1230,9.47,1152,5.08,1128,5.44,tcp,10,0
22-headscale-relay,pod2pod,l26-node03,l26-node02,2M,1230,9.43,1128,1.87,1129,2.41,udp,10,0
22-headscale-relay,pod2svc,l26-node03,l26-node02,2M,1230,9.35,1135,4.61,1138,5.22,tcp,10,0
22-headscale-relay,pod2svc,l26-node03,l26-node02,2M,1230,11.2,1129,1.8,1134,2.51,udp,10,0
22-headscale-relay,idle,l26-node03,l26-node02,2M,1230,0,1121,2.47,1177,3.22,idle,10,0
22-headscale-relay,pod2pod,l26-node03,l26-node02,2M,1230,9.97,1074,5.26,1152,6.28,tcp,10,0
22-headscale-relay,pod2pod,l26-node03,l26-node02,2M,1230,8.07,1123,1.73,1161,2.57,udp,10,0
22-headscale-relay,pod2svc,l26-node03,l26-node02,2M,1230,7.7,1130,4.8,1168,5.19,tcp,10,0
22-headscale-relay,pod2svc,l26-node03,l26-node02,2M,1230,7.75,1127,1.77,1159,2.62,udp,10,0
22-headscale-relay,idle,l26-node03,l26-node02,2M,1230,0,1073,1.98,1142,2.52,idle,10,0
22-headscale-relay,pod2pod,l26-node03,l26-node02,2M,1230,7.46,1071,4.54,1142,5.09,tcp,10,0
22-headscale-relay,pod2pod,l26-node03,l26-node02,2M,1230,8.12,1131,1.73,1157,2.51,udp,10,0
22-headscale-relay,pod2svc,l26-node03,l26-node02,2M,1230,9.07,1135,4.93,1163,5.6,tcp,10,0
22-headscale-relay,pod2svc,l26-node03,l26-node02,2M,1230,6.79,1128,1.81,1159,2.73,udp,10,0
22-headscale-relay,idle,l26-node03,l26-node02,2M,1230,0,936,1.94,1130,2.7,idle,10,0
22-headscale-relay,pod2pod,l26-node03,l26-node02,2M,1230,8.38,977,4.74,1144,5.66,tcp,10,0
22-headscale-relay,pod2pod,l26-node03,l26-node02,2M,1230,10.3,1123,1.87,1168,2.55,udp,10,0
22-headscale-relay,pod2svc,l26-node03,l26-node02,2M,1230,9.06,1132,4.69,1173,5.76,tcp,10,0
22-headscale-relay,pod2svc,l26-node03,l26-node02,2M,1230,7.05,1141,41.08,1163,3.95,udp,10,0
22-headscale-relay,idle,l26-node03,l26-node02,2M,1230,0,796,2.94,910,2.69,idle,5,0
22-headscale-relay,pod2pod,l26-node03,l26-node02,2M,1230,64.3,813,14.98,913,16.94,tcp,5,0
22-headscale-relay,pod2pod,l26-node03,l26-node02,2M,1230,104,813,34.78,861,15.32,udp,5,0
22-headscale-relay,pod2svc,l26-node03,l26-node02,2M,1230,64.7,814,14.91,921,16.59,tcp,5,0
22-headscale-relay,pod2svc,l26-node03,l26-node02,2M,1230,-1,-1,0.0,943,15.79,udp,5,0
22-headscale-relay,idle,l26-node03,l26-node02,2M,1230,0,795,2.89,915,2.63,idle,5,0
22-headscale-relay,pod2pod,l26-node03,l26-node02,2M,1230,67.5,806,15.69,925,17.22,tcp,5,0
22-headscale-relay,pod2pod,l26-node03,l26-node02,2M,1230,98.1,791,2.1,899,2.46,udp,5,0
22-headscale-relay,pod2svc,l26-node03,l26-node02,2M,1230,60.7,820,14.62,911,17.13,tcp,5,0
22-headscale-relay,pod2svc,l26-node03,l26-node02,2M,1230,98.3,788,34.79,925,15.52,udp,5,0
22-headscale-relay,idle,l26-node03,l26-node02,2M,1230,0,797,2.36,920,2.32,idle,5,0
22-headscale-relay,pod2pod,l26-node03,l26-node02,2M,1230,62.1,805,15.16,898,16.49,tcp,5,0
22-headscale-relay,pod2pod,l26-node03,l26-node02,2M,1230,106,804,34.58,866,15.64,udp,5,0
22-headscale-relay,pod2svc,l26-node03,l26-node02,2M,1230,57.9,811,14.31,911,16.16,tcp,5,0
22-headscale-relay,pod2svc,l26-node03,l26-node02,2M,1230,111,797,33.89,923,17.02,udp,5,0
22-headscale-relay,idle,l26-node03,l26-node02,2M,1230,0,789,2.89,882,2.6,idle,5,0
22-headscale-relay,pod2pod,l26-node03,l26-node02,2M,1230,50.2,807,13.02,863,14.62,tcp,5,0
22-headscale-relay,pod2pod,l26-node03,l26-node02,2M,1230,99.1,799,31.79,863,13.83,udp,5,0
22-headscale-relay,pod2svc,l26-node03,l26-node02,2M,1230,68.1,806,15.67,911,17.35,tcp,5,0
22-headscale-relay,pod2svc,l26-node03,l26-node02,2M,1230,105,803,34.15,937,16.21,udp,5,0
22-headscale-relay,idle,l26-node03,l26-node02,2M,1230,0,794,2.69,910,2.54,idle,5,0
22-headscale-relay,pod2pod,l26-node03,l26-node02,2M,1230,64.4,807,15.11,922,16.81,tcp,5,0
22-headscale-relay,pod2pod,l26-node03,l26-node02,2M,1230,90.5,795,33.25,854,13.74,udp,5,0
22-headscale-relay,pod2svc,l26-node03,l26-node02,2M,1230,64.4,802,15.49,899,17.19,tcp,5,0
22-headscale-relay,pod2svc,l26-node03,l26-node02,2M,1230,98.8,800,29.65,939,13.14,udp,5,0
22-headscale-relay,idle,l26-node03,l26-node02,2M,1230,0,794,3.11,928,2.72,idle,5,0
22-headscale-relay,pod2pod,l26-node03,l26-node02,2M,1230,68.0,808,15.44,905,17.03,tcp,5,0
22-headscale-relay,pod2pod,l26-node03,l26-node02,2M,1230,105,789,34.19,909,15.95,udp,5,0
22-headscale-relay,pod2svc,l26-node03,l26-node02,2M,1230,59.6,804,14.03,939,15.94,tcp,5,0
22-headscale-relay,pod2svc,l26-node03,l26-node02,2M,1230,75.6,792,32.51,939,12.53,udp,5,0
22-headscale-relay,idle,l26-node03,l26-node02,2M,1230,0,807,2.71,905,2.65,idle,5,0
22-headscale-relay,pod2pod,l26-node03,l26-node02,2M,1230,60.8,812,14.88,893,16.61,tcp,5,0
22-headscale-relay,pod2pod,l26-node03,l26-node02,2M,1230,107,800,34.41,924,16.12,udp,5,0
22-headscale-relay,pod2svc,l26-node03,l26-node02,2M,1230,62.7,808,15.45,927,17.15,tcp,5,0
22-headscale-relay,pod2svc,l26-node03,l26-node02,2M,1230,108,790,2.18,933,2.26,udp,5,0
22-headscale-relay,idle,l26-node03,l26-node02,2M,1230,0,794,3.08,923,2.63,idle,5,0
22-headscale-relay,pod2pod,l26-node03,l26-node02,2M,1230,61.7,804,14.66,903,16.65,tcp,5,0
22-headscale-relay,pod2pod,l26-node03,l26-node02,2M,1230,-1,-1,0.0,900,15.03,udp,5,0
22-headscale-relay,pod2svc,l26-node03,l26-node02,2M,1230,56.6,779,13.71,926,15.76,tcp,5,0
22-headscale-relay,pod2svc,l26-node03,l26-node02,2M,1230,99.1,774,32.95,928,15.32,udp,5,0
22-headscale-relay,idle,l26-node03,l26-node02,2M,1230,0,769,2.76,922,2.67,idle,5,0
22-headscale-relay,pod2pod,l26-node03,l26-node02,2M,1230,58.4,779,14.37,871,15.97,tcp,5,0
22-headscale-relay,pod2pod,l26-node03,l26-node02,2M,1230,96.6,784,33.9,866,14.7,udp,5,0
22-headscale-relay,pod2svc,l26-node03,l26-node02,2M,1230,52.9,783,13.44,901,15.42,tcp,5,0
22-headscale-relay,pod2svc,l26-node03,l26-node02,2M,1230,-1,-1,0.0,912,14.34,udp,5,0
22-headscale-relay,idle,l26-node03,l26-node02,2M,1230,0,770,2.87,915,2.61,idle,5,0
22-headscale-relay,pod2pod,l26-node03,l26-node02,2M,1230,61.4,791,14.71,886,16.4,tcp,5,0
22-headscale-relay,pod2pod,l26-node03,l26-node02,2M,1230,98.5,804,34.8,867,15.39,udp,5,0
22-headscale-relay,pod2svc,l26-node03,l26-node02,2M,1230,57.9,809,14.06,916,15.84,tcp,5,0
22-headscale-relay,pod2svc,l26-node03,l26-node02,2M,1230,98.3,789,33.8,925,15.4,udp,5,0
22-headscale-relay,idle,l26-node03,l26-node02,2M,1230,0,703,1.53,803,1.94,idle,0,250
22-headscale-relay,pod2pod,l26-node03,l26-node02,2M,1230,30.0,704,8.79,771,10.6,tcp,0,250
22-headscale-relay,pod2pod,l26-node03,l26-node02,2M,1230,-1,-1,0.0,799,9.02,udp,0,250
22-headscale-relay,pod2svc,l26-node03,l26-node02,2M,1230,31.5,745,9.66,817,11.42,tcp,0,250
22-headscale-relay,pod2svc,l26-node03,l26-node02,2M,1230,32.7,726,31.82,831,7.46,udp,0,250
22-headscale-relay,idle,l26-node03,l26-node02,2M,1230,0,706,1.78,811,2.02,idle,0,250
22-headscale-relay,pod2pod,l26-node03,l26-node02,2M,1230,27.7,733,8.65,760,10.19,tcp,0,250
22-headscale-relay,pod2pod,l26-node03,l26-node02,2M,1230,35.6,741,31.84,778,8.13,udp,0,250
22-headscale-relay,pod2svc,l26-node03,l26-node02,2M,1230,35.7,697,10.29,810,13.07,tcp,0,250
22-headscale-relay,pod2svc,l26-node03,l26-node02,2M,1230,37.2,700,31.99,816,8.47,udp,0,250
22-headscale-relay,idle,l26-node03,l26-node02,2M,1230,0,700,1.51,813,1.81,idle,0,250
22-headscale-relay,pod2pod,l26-node03,l26-node02,2M,1230,30.5,730,9.6,752,10.87,tcp,0,250
22-headscale-relay,pod2pod,l26-node03,l26-node02,2M,1230,35.1,725,32.17,779,7.99,udp,0,250
22-headscale-relay,pod2svc,l26-node03,l26-node02,2M,1230,31.9,733,10.12,808,12.36,tcp,0,250
22-headscale-relay,pod2svc,l26-node03,l26-node02,2M,1230,-1,719,31.58,821,8.62,udp,0,250
22-headscale-relay,idle,l26-node03,l26-node02,2M,1230,0,744,1.67,797,2.11,idle,0,250
22-headscale-relay,pod2pod,l26-node03,l26-node02,2M,1230,29.1,749,9.19,789,10.45,tcp,0,250
22-headscale-relay,pod2pod,l26-node03,l26-node02,2M,1230,36.2,727,32.0,793,8.03,udp,0,250
22-headscale-relay,pod2svc,l26-node03,l26-node02,2M,1230,36.5,717,10.47,824,13.36,tcp,0,250
22-headscale-relay,pod2svc,l26-node03,l26-node02,2M,1230,37.2,712,31.73,828,8.4,udp,0,250
22-headscale-relay,idle,l26-node03,l26-node02,2M,1230,0,706,1.53,804,2.14,idle,0,250
22-headscale-relay,pod2pod,l26-node03,l26-node02,2M,1230,36.6,708,10.44,778,12.41,tcp,0,250
22-headscale-relay,pod2pod,l26-node03,l26-node02,2M,1230,38.4,714,31.32,788,8.31,udp,0,250
22-headscale-relay,pod2svc,l26-node03,l26-node02,2M,1230,35.5,739,10.61,808,12.5,tcp,0,250
22-headscale-relay,pod2svc,l26-node03,l26-node02,2M,1230,38.8,729,32.3,799,8.48,udp,0,250
22-headscale-relay,idle,l26-node03,l26-node02,2M,1230,0,688,1.34,806,2.39,idle,0,250
22-headscale-relay,pod2pod,l26-node03,l26-node02,2M,1230,29.5,731,9.58,758,11.43,tcp,0,250
22-headscale-relay,pod2pod,l26-node03,l26-node02,2M,1230,-1,-1,0.0,775,7.65,udp,0,250
22-headscale-relay,pod2svc,l26-node03,l26-node02,2M,1230,35.5,753,10.29,796,12.07,tcp,0,250
22-headscale-relay,pod2svc,l26-node03,l26-node02,2M,1230,36.7,732,31.34,817,8.23,udp,0,250
22-headscale-relay,idle,l26-node03,l26-node02,2M,1230,0,705,1.49,782,1.98,idle,0,250
22-headscale-relay,pod2pod,l26-node03,l26-node02,2M,1230,31.9,711,9.43,787,11.25,tcp,0,250
22-headscale-relay,pod2pod,l26-node03,l26-node02,2M,1230,33.2,709,31.56,789,7.91,udp,0,250
22-headscale-relay,pod2svc,l26-node03,l26-node02,2M,1230,30.2,730,9.69,801,11.11,tcp,0,250
22-headscale-relay,pod2svc,l26-node03,l26-node02,2M,1230,-1,-1,0.0,816,8.9,udp,0,250
22-headscale-relay,idle,l26-node03,l26-node02,2M,1230,0,692,1.96,811,2.65,idle,0,250
22-headscale-relay,pod2pod,l26-node03,l26-node02,2M,1230,30.4,698,8.79,786,11.49,tcp,0,250
22-headscale-relay,pod2pod,l26-node03,l26-node02,2M,1230,39.0,698,31.25,816,8.87,udp,0,250
22-headscale-relay,pod2svc,l26-node03,l26-node02,2M,1230,32.0,742,9.51,831,11.89,tcp,0,250
22-headscale-relay,pod2svc,l26-node03,l26-node02,2M,1230,35.8,730,31.65,840,8.18,udp,0,250
22-headscale-relay,idle,l26-node03,l26-node02,2M,1230,0,710,1.85,808,2.07,idle,0,250
22-headscale-relay,pod2pod,l26-node03,l26-node02,2M,1230,27.1,712,9.19,786,10.23,tcp,0,250
22-headscale-relay,pod2pod,l26-node03,l26-node02,2M,1230,32.6,765,31.78,793,7.64,udp,0,250
22-headscale-relay,pod2svc,l26-node03,l26-node02,2M,1230,29.7,784,9.18,805,11.01,tcp,0,250
22-headscale-relay,pod2svc,l26-node03,l26-node02,2M,1230,32.2,787,31.29,820,7.45,udp,0,250
22-headscale-relay,idle,l26-node03,l26-node02,2M,1230,0,797,1.91,805,2.15,idle,0,250
22-headscale-relay,pod2pod,l26-node03,l26-node02,2M,1230,31.6,802,9.47,807,11.41,tcp,0,250
22-headscale-relay,pod2pod,l26-node03,l26-node02,2M,1230,36.4,770,31.55,796,7.86,udp,0,250
22-headscale-relay,pod2svc,l26-node03,l26-node02,2M,1230,29.4,751,9.29,813,11.34,tcp,0,250
22-headscale-relay,pod2svc,l26-node03,l26-node02,2M,1230,33.3,745,31.24,824,8.28,udp,0,250
22-headscale-relay,idle,l26-node03,l26-node02,2M,1230,0,785,3.13,879,2.49,idle,0,0
22-headscale-relay,pod2pod,l26-node03,l26-node02,2M,1230,170,789,30.2,896,33.81,tcp,0,0
22-headscale-relay,pod2pod,l26-node03,l26-node02,2M,1230,269,787,41.85,871,30.2,udp,0,0
22-headscale-relay,pod2svc,l26-node03,l26-node02,2M,1230,169,790,30.22,904,33.7,tcp,0,0
22-headscale-relay,pod2svc,l26-node03,l26-node02,2M,1230,265,790,41.89,914,30.53,udp,0,0
22-headscale-relay,idle,l26-node03,l26-node02,2M,1230,0,730,3.09,819,2.69,idle,0,0
22-headscale-relay,pod2pod,l26-node03,l26-node02,2M,1230,168,738,29.85,833,33.2,tcp,0,0
22-headscale-relay,pod2pod,l26-node03,l26-node02,2M,1230,268,736,42.14,852,31.42,udp,0,0
22-headscale-relay,pod2svc,l26-node03,l26-node02,2M,1230,168,740,29.68,892,33.66,tcp,0,0
22-headscale-relay,pod2svc,l26-node03,l26-node02,2M,1230,267,741,41.49,894,30.22,udp,0,0
22-headscale-relay,idle,l26-node03,l26-node02,2M,1230,0,798,2.77,886,2.55,idle,0,0
22-headscale-relay,pod2pod,l26-node03,l26-node02,2M,1230,168,801,29.84,888,33.98,tcp,0,0
22-headscale-relay,pod2pod,l26-node03,l26-node02,2M,1230,264,800,41.92,873,30.11,udp,0,0
22-headscale-relay,pod2svc,l26-node03,l26-node02,2M,1230,167,802,29.65,903,33.88,tcp,0,0
22-headscale-relay,pod2svc,l26-node03,l26-node02,2M,1230,267,801,42.26,873,30.47,udp,0,0
22-headscale-relay,idle,l26-node03,l26-node02,2M,1230,0,769,2.91,863,2.58,idle,0,0
22-headscale-relay,pod2pod,l26-node03,l26-node02,2M,1230,169,778,30.27,849,34.03,tcp,0,0
22-headscale-relay,pod2pod,l26-node03,l26-node02,2M,1230,265,793,45.11,852,30.2,udp,0,0
22-headscale-relay,pod2svc,l26-node03,l26-node02,2M,1230,169,791,29.92,889,33.58,tcp,0,0
22-headscale-relay,pod2svc,l26-node03,l26-node02,2M,1230,264,785,42.29,860,30.72,udp,0,0
22-headscale-relay,idle,l26-node03,l26-node02,2M,1230,0,755,3.0,843,2.71,idle,0,0
22-headscale-relay,pod2pod,l26-node03,l26-node02,2M,1230,169,764,29.34,843,33.81,tcp,0,0
22-headscale-relay,pod2pod,l26-node03,l26-node02,2M,1230,265,762,42.47,849,30.21,udp,0,0
22-headscale-relay,pod2svc,l26-node03,l26-node02,2M,1230,167,763,29.96,886,33.2,tcp,0,0
22-headscale-relay,pod2svc,l26-node03,l26-node02,2M,1230,265,759,42.1,858,30.69,udp,0,0
22-headscale-relay,idle,l26-node03,l26-node02,2M,1230,0,758,2.89,858,2.7,idle,0,0
22-headscale-relay,pod2pod,l26-node03,l26-node02,2M,1230,169,772,29.84,855,33.2,tcp,0,0
22-headscale-relay,pod2pod,l26-node03,l26-node02,2M,1230,266,760,42.27,864,30.37,udp,0,0
22-headscale-relay,pod2svc,l26-node03,l26-node02,2M,1230,169,768,30.09,905,33.64,tcp,0,0
22-headscale-relay,pod2svc,l26-node03,l26-node02,2M,1230,265,764,42.11,916,30.55,udp,0,0
22-headscale-relay,idle,l26-node03,l26-node02,2M,1230,0,765,3.18,854,2.69,idle,0,0
22-headscale-relay,pod2pod,l26-node03,l26-node02,2M,1230,170,771,30.26,855,33.84,tcp,0,0
22-headscale-relay,pod2pod,l26-node03,l26-node02,2M,1230,267,770,41.79,874,30.1,udp,0,0
22-headscale-relay,pod2svc,l26-node03,l26-node02,2M,1230,170,775,30.34,913,33.73,tcp,0,0
22-headscale-relay,pod2svc,l26-node03,l26-node02,2M,1230,265,766,41.7,917,29.97,udp,0,0
22-headscale-relay,idle,l26-node03,l26-node02,2M,1230,0,740,2.98,831,2.77,idle,0,0
22-headscale-relay,pod2pod,l26-node03,l26-node02,2M,1230,169,747,30.02,838,33.55,tcp,0,0
22-headscale-relay,pod2pod,l26-node03,l26-node02,2M,1230,267,749,41.94,856,30.7,udp,0,0
22-headscale-relay,pod2svc,l26-node03,l26-node02,2M,1230,168,748,29.63,887,33.06,tcp,0,0
22-headscale-relay,pod2svc,l26-node03,l26-node02,2M,1230,268,744,43.23,903,31.34,udp,0,0
22-headscale-relay,idle,l26-node03,l26-node02,2M,1230,0,755,2.75,843,2.64,idle,0,0
22-headscale-relay,pod2pod,l26-node03,l26-node02,2M,1230,169,761,29.58,848,33.68,tcp,0,0
22-headscale-relay,pod2pod,l26-node03,l26-node02,2M,1230,266,760,43.5,864,31.03,udp,0,0
22-headscale-relay,pod2svc,l26-node03,l26-node02,2M,1230,168,761,30.03,901,33.42,tcp,0,0
22-headscale-relay,pod2svc,l26-node03,l26-node02,2M,1230,263,759,42.07,904,29.66,udp,0,0
22-headscale-relay,idle,l26-node03,l26-node02,2M,1230,0,769,3.15,891,2.42,idle,0,0
22-headscale-relay,pod2pod,l26-node03,l26-node02,2M,1230,169,775,29.49,843,33.74,tcp,0,0
22-headscale-relay,pod2pod,l26-node03,l26-node02,2M,1230,266,776,41.97,845,30.29,udp,0,0
22-headscale-relay,pod2svc,l26-node03,l26-node02,2M,1230,168,781,29.54,869,33.36,tcp,0,0
22-headscale-relay,pod2svc,l26-node03,l26-node02,2M,1230,267,779,42.17,855,30.67,udp,0,0
22-headscale-relay,idle,l26-node03,l26-node02,2M,1230,0,713,2.48,738,2.12,idle,0,0
22-headscale-relay,pod2pod,l26-node03,l26-node02,2M,1230,169,732,29.75,757,33.52,tcp,0,0
22-headscale-relay,pod2pod,l26-node03,l26-node02,2M,1230,270,728,42.13,814,30.5,udp,0,0
22-headscale-relay,pod2svc,l26-node03,l26-node02,2M,1230,168,734,29.8,839,33.05,tcp,0,0
22-headscale-relay,pod2svc,l26-node03,l26-node02,2M,1230,266,733,41.67,826,30.24,udp,0,0
22-headscale-relay,idle,l26-node03,l26-node02,2M,1230,0,783,3.05,849,2.56,idle,0,0
22-headscale-relay,pod2pod,l26-node03,l26-node02,2M,1230,169,789,30.03,854,33.43,tcp,0,0
22-headscale-relay,pod2pod,l26-node03,l26-node02,2M,1230,268,785,42.04,867,30.06,udp,0,0
22-headscale-relay,pod2svc,l26-node03,l26-node02,2M,1230,169,789,29.61,903,33.09,tcp,0,0
22-headscale-relay,pod2svc,l26-node03,l26-node02,2M,1230,267,787,42.36,911,30.61,udp,0,0
22-headscale-relay,idle,l26-node03,l26-node02,2M,1230,0,769,3.24,846,2.79,idle,0,0
22-headscale-relay,pod2pod,l26-node03,l26-node02,2M,1230,170,773,30.09,842,33.71,tcp,0,0
22-headscale-relay,pod2pod,l26-node03,l26-node02,2M,1230,266,774,42.58,858,30.53,udp,0,0
22-headscale-relay,pod2svc,l26-node03,l26-node02,2M,1230,169,774,29.45,890,33.56,tcp,0,0
22-headscale-relay,pod2svc,l26-node03,l26-node02,2M,1230,266,769,41.7,870,30.74,udp,0,0
22-headscale-relay,idle,l26-node03,l26-node02,2M,1230,0,757,2.94,857,3.01,idle,0,0
22-headscale-relay,pod2pod,l26-node03,l26-node02,2M,1230,169,768,30.53,849,33.62,tcp,0,0
22-headscale-relay,pod2pod,l26-node03,l26-node02,2M,1230,272,765,41.78,854,30.69,udp,0,0
22-headscale-relay,pod2svc,l26-node03,l26-node02,2M,1230,168,767,29.88,897,33.6,tcp,0,0
22-headscale-relay,pod2svc,l26-node03,l26-node02,2M,1230,269,765,42.01,898,31.02,udp,0,0
22-headscale-relay,idle,l26-node03,l26-node02,2M,1230,0,757,3.14,901,2.7,idle,0,0
22-headscale-relay,pod2pod,l26-node03,l26-node02,2M,1230,170,772,29.66,860,33.6,tcp,0,0
22-headscale-relay,pod2pod,l26-node03,l26-node02,2M,1230,269,764,42.25,855,29.93,udp,0,0
22-headscale-relay,pod2svc,l26-node03,l26-node02,2M,1230,169,769,29.83,888,33.63,tcp,0,0
22-headscale-relay,pod2svc,l26-node03,l26-node02,2M,1230,271,766,41.97,857,30.57,udp,0,0
22-headscale-relay,idle,l26-node03,l26-node02,2M,1230,0,758,3.07,900,2.7,idle,0,0
22-headscale-relay,pod2pod,l26-node03,l26-node02,2M,1230,169,765,29.56,856,33.14,tcp,0,0
22-headscale-relay,pod2pod,l26-node03,l26-node02,2M,1230,269,765,42.35,853,30.08,udp,0,0
22-headscale-relay,pod2svc,l26-node03,l26-node02,2M,1230,169,766,29.74,884,33.48,tcp,0,0
22-headscale-relay,pod2svc,l26-node03,l26-node02,2M,1230,265,766,42.11,851,30.23,udp,0,0
22-headscale-relay,idle,l26-node03,l26-node02,2M,1230,0,769,3.02,852,2.43,idle,0,0
22-headscale-relay,pod2pod,l26-node03,l26-node02,2M,1230,169,781,30.23,846,33.69,tcp,0,0
22-headscale-relay,pod2pod,l26-node03,l26-node02,2M,1230,267,778,42.38,861,30.92,udp,0,0
22-headscale-relay,pod2svc,l26-node03,l26-node02,2M,1230,170,778,29.82,899,34.18,tcp,0,0
22-headscale-relay,pod2svc,l26-node03,l26-node02,2M,1230,266,776,41.75,871,30.47,udp,0,0
22-headscale-relay,idle,l26-node03,l26-node02,2M,1230,0,760,3.12,886,2.68,idle,0,0
22-headscale-relay,pod2pod,l26-node03,l26-node02,2M,1230,169,767,30.4,900,33.5,tcp,0,0
22-headscale-relay,pod2pod,l26-node03,l26-node02,2M,1230,269,766,42.64,913,31.12,udp,0,0
22-headscale-relay,pod2svc,l26-node03,l26-node02,2M,1230,168,771,29.83,910,33.04,tcp,0,0
22-headscale-relay,pod2svc,l26-node03,l26-node02,2M,1230,269,770,41.39,924,30.3,udp,0,0
22-headscale-relay,idle,l26-node03,l26-node02,2M,1230,0,739,2.99,825,2.66,idle,0,0
22-headscale-relay,pod2pod,l26-node03,l26-node02,2M,1230,169,745,30.01,828,33.45,tcp,0,0
22-headscale-relay,pod2pod,l26-node03,l26-node02,2M,1230,270,748,42.12,840,30.29,udp,0,0
22-headscale-relay,pod2svc,l26-node03,l26-node02,2M,1230,169,743,29.47,877,32.87,tcp,0,0
22-headscale-relay,pod2svc,l26-node03,l26-node02,2M,1230,271,747,41.58,842,30.47,udp,0,0
22-headscale-relay,idle,l26-node03,l26-node02,2M,1230,0,763,2.88,896,2.63,idle,0,0
22-headscale-relay,pod2pod,l26-node03,l26-node02,2M,1230,169,771,30.44,859,33.8,tcp,0,0
22-headscale-relay,pod2pod,l26-node03,l26-node02,2M,1230,271,768,42.25,852,30.43,udp,0,0
22-headscale-relay,pod2svc,l26-node03,l26-node02,2M,1230,169,771,30.02,883,33.3,tcp,0,0
22-headscale-relay,pod2svc,l26-node03,l26-node02,2M,1230,268,768,42.59,839,31.27,udp,0,0
22-headscale-relay,idle,l26-node03,l26-node02,2M,1230,0,762,2.8,862,2.8,idle,0,0
22-headscale-relay,pod2pod,l26-node03,l26-node02,2M,1230,169,772,29.63,847,33.81,tcp,0,0
22-headscale-relay,pod2pod,l26-node03,l26-node02,2M,1230,268,767,42.12,842,30.89,udp,0,0
22-headscale-relay,pod2svc,l26-node03,l26-node02,2M,1230,169,772,29.85,893,33.41,tcp,0,0
22-headscale-relay,pod2svc,l26-node03,l26-node02,2M,1230,267,768,41.67,861,30.26,udp,0,0
22-headscale-relay,idle,l26-node03,l26-node02,2M,1230,0,762,2.78,885,2.68,idle,0,0
22-headscale-relay,pod2pod,l26-node03,l26-node02,2M,1230,169,771,29.66,904,33.08,tcp,0,0
22-headscale-relay,pod2pod,l26-node03,l26-node02,2M,1230,266,770,42.37,907,30.67,udp,0,0
22-headscale-relay,pod2svc,l26-node03,l26-node02,2M,1230,167,771,30.01,866,33.0,tcp,0,0
22-headscale-relay,pod2svc,l26-node03,l26-node02,2M,1230,266,768,42.26,863,30.27,udp,0,0
22-headscale-relay,idle,l26-node03,l26-node02,2M,1230,0,752,3.26,890,2.79,idle,0,0
22-headscale-relay,pod2pod,l26-node03,l26-node02,2M,1230,169,759,30.18,857,33.32,tcp,0,0
22-headscale-relay,pod2pod,l26-node03,l26-node02,2M,1230,270,759,41.81,851,30.06,udp,0,0
22-headscale-relay,pod2svc,l26-node03,l26-node02,2M,1230,169,762,29.82,885,33.19,tcp,0,0
22-headscale-relay,pod2svc,l26-node03,l26-node02,2M,1230,267,761,41.52,850,30.49,udp,0,0
22-headscale-relay,idle,l26-node03,l26-node02,2M,1230,0,731,2.84,871,2.66,idle,0,0
22-headscale-relay,pod2pod,l26-node03,l26-node02,2M,1230,168,742,29.8,855,33.34,tcp,0,0
22-headscale-relay,pod2pod,l26-node03,l26-node02,2M,1230,268,739,41.14,837,30.14,udp,0,0
22-headscale-relay,pod2svc,l26-node03,l26-node02,2M,1230,169,745,29.47,863,33.45,tcp,0,0
22-headscale-relay,pod2svc,l26-node03,l26-node02,2M,1230,271,742,41.94,831,30.59,udp,0,0
22-headscale-relay,idle,l26-node03,l26-node02,2M,1230,0,747,3.04,839,2.8,idle,0,0
22-headscale-relay,pod2pod,l26-node03,l26-node02,2M,1230,168,754,29.45,834,33.07,tcp,0,0
22-headscale-relay,pod2pod,l26-node03,l26-node02,2M,1230,266,755,42.21,847,30.07,udp,0,0
22-headscale-relay,pod2svc,l26-node03,l26-node02,2M,1230,168,757,29.97,883,33.39,tcp,0,0
22-headscale-relay,pod2svc,l26-node03,l26-node02,2M,1230,265,753,41.56,853,30.17,udp,0,0
22-headscale-relay,idle,l26-node03,l26-node02,2M,1230,0,778,3.19,868,2.55,idle,0,0
22-headscale-relay,pod2pod,l26-node03,l26-node02,2M,1230,170,785,29.94,870,33.6,tcp,0,0
22-headscale-relay,pod2pod,l26-node03,l26-node02,2M,1230,268,791,41.67,851,29.99,udp,0,0
22-headscale-relay,pod2svc,l26-node03,l26-node02,2M,1230,169,791,29.56,885,33.71,tcp,0,0
22-headscale-relay,pod2svc,l26-node03,l26-node02,2M,1230,268,795,41.79,854,31.06,udp,0,0
22-headscale-relay,idle,l26-node03,l26-node02,2M,1230,0,783,3.03,865,2.61,idle,0,0
22-headscale-relay,pod2pod,l26-node03,l26-node02,2M,1230,168,795,30.13,849,33.63,tcp,0,0
22-headscale-relay,pod2pod,l26-node03,l26-node02,2M,1230,266,788,42.55,861,30.37,udp,0,0
22-headscale-relay,pod2svc,l26-node03,l26-node02,2M,1230,168,790,30.1,893,33.47,tcp,0,0
22-headscale-relay,pod2svc,l26-node03,l26-node02,2M,1230,268,786,42.24,863,30.36,udp,0,0
22-headscale-relay,idle,l26-node03,l26-node02,2M,1230,0,759,2.84,866,2.66,idle,0,0
22-headscale-relay,pod2pod,l26-node03,l26-node02,2M,1230,168,767,30.21,869,33.84,tcp,0,0
22-headscale-relay,pod2pod,l26-node03,l26-node02,2M,1230,271,766,42.3,845,30.75,udp,0,0
22-headscale-relay,pod2svc,l26-node03,l26-node02,2M,1230,169,767,29.73,875,33.49,tcp,0,0
22-headscale-relay,pod2svc,l26-node03,l26-node02,2M,1230,269,767,42.02,850,30.55,udp,0,0
22-headscale-relay,idle,l26-node03,l26-node02,2M,1230,0,761,3.02,845,2.81,idle,0,0
22-headscale-relay,pod2pod,l26-node03,l26-node02,2M,1230,169,766,30.04,843,33.59,tcp,0,0
22-headscale-relay,pod2pod,l26-node03,l26-node02,2M,1230,270,767,42.48,858,31.09,udp,0,0
22-headscale-relay,pod2svc,l26-node03,l26-node02,2M,1230,169,768,29.98,897,34.03,tcp,0,0
22-headscale-relay,pod2svc,l26-node03,l26-node02,2M,1230,268,764,41.63,871,31.15,udp,0,0
22-headscale-relay,idle,l26-node03,l26-node02,2M,1230,0,756,3.09,857,2.81,idle,0,0
22-headscale-relay,pod2pod,l26-node03,l26-node02,2M,1230,169,764,29.83,842,33.7,tcp,0,0
22-headscale-relay,pod2pod,l26-node03,l26-node02,2M,1230,267,762,42.11,851,30.42,udp,0,0
22-headscale-relay,pod2svc,l26-node03,l26-node02,2M,1230,169,766,29.81,880,33.51,tcp,0,0
22-headscale-relay,pod2svc,l26-node03,l26-node02,2M,1230,267,764,42.02,838,30.93,udp,0,0
22-headscale-relay,idle,l26-node03,l26-node02,2M,1230,0,780,2.87,893,2.47,idle,0,0
22-headscale-relay,pod2pod,l26-node03,l26-node02,2M,1230,170,788,29.91,858,33.57,tcp,0,0
22-headscale-relay,pod2pod,l26-node03,l26-node02,2M,1230,267,787,42.09,853,30.01,udp,0,0
22-headscale-relay,pod2svc,l26-node03,l26-node02,2M,1230,169,792,29.63,885,33.74,tcp,0,0
22-headscale-relay,pod2svc,l26-node03,l26-node02,2M,1230,269,791,41.74,850,30.59,udp,0,0
22-headscale-relay,idle,l26-node03,l26-node02,2M,1230,0,772,3.04,863,2.62,idle,0,0
22-headscale-relay,pod2pod,l26-node03,l26-node02,2M,1230,170,781,29.83,861,33.89,tcp,0,0
22-headscale-relay,pod2pod,l26-node03,l26-node02,2M,1230,269,774,42.38,848,30.38,udp,0,0
22-headscale-relay,pod2svc,l26-node03,l26-node02,2M,1230,169,774,29.94,866,33.18,tcp,0,0
22-headscale-relay,pod2svc,l26-node03,l26-node02,2M,1230,269,768,42.67,864,30.79,udp,0,0
22-headscale-relay,idle,l26-node03,l26-node02,2M,1230,0,769,3.0,848,2.45,idle,0,0
22-headscale-relay,pod2pod,l26-node03,l26-node02,2M,1230,169,779,30.02,844,33.71,tcp,0,0
22-headscale-relay,pod2pod,l26-node03,l26-node02,2M,1230,267,776,42.22,858,30.42,udp,0,0
22-headscale-relay,pod2svc,l26-node03,l26-node02,2M,1230,168,780,30.14,893,33.24,tcp,0,0
22-headscale-relay,pod2svc,l26-node03,l26-node02,2M,1230,266,776,42.3,907,30.69,udp,0,0
22-headscale-relay,idle,l26-node03,l26-node02,2M,1230,0,785,2.83,871,2.5,idle,0,0
22-headscale-relay,pod2pod,l26-node03,l26-node02,2M,1230,169,793,29.86,853,33.39,tcp,0,0
22-headscale-relay,pod2pod,l26-node03,l26-node02,2M,1230,269,794,41.61,867,30.41,udp,0,0
22-headscale-relay,pod2svc,l26-node03,l26-node02,2M,1230,169,796,29.84,900,33.43,tcp,0,0
22-headscale-relay,pod2svc,l26-node03,l26-node02,2M,1230,268,790,42.22,871,30.86,udp,0,0
22-headscale-relay,idle,l26-node03,l26-node02,2M,1230,0,741,3.16,877,2.69,idle,0,0
22-headscale-relay,pod2pod,l26-node03,l26-node02,2M,1230,170,750,30.12,838,33.74,tcp,0,0
22-headscale-relay,pod2pod,l26-node03,l26-node02,2M,1230,267,752,42.66,839,30.73,udp,0,0
22-headscale-relay,pod2svc,l26-node03,l26-node02,2M,1230,169,754,29.79,876,33.11,tcp,0,0
22-headscale-relay,pod2svc,l26-node03,l26-node02,2M,1230,268,749,41.82,846,30.42,udp,0,0
22-headscale-relay,idle,l26-node03,l26-node02,2M,1230,0,767,3.14,863,2.44,idle,0,0
22-headscale-relay,pod2pod,l26-node03,l26-node02,2M,1230,169,774,30.4,844,33.33,tcp,0,0
22-headscale-relay,pod2pod,l26-node03,l26-node02,2M,1230,266,778,42.2,846,30.63,udp,0,0
22-headscale-relay,pod2svc,l26-node03,l26-node02,2M,1230,168,782,29.98,889,33.67,tcp,0,0
22-headscale-relay,pod2svc,l26-node03,l26-node02,2M,1230,268,772,42.01,855,30.59,udp,0,0
22-headscale-relay,idle,l26-node03,l26-node02,2M,1230,0,747,2.83,890,2.7,idle,0,0
22-headscale-relay,pod2pod,l26-node03,l26-node02,2M,1230,168,760,29.9,862,33.79,tcp,0,0
22-headscale-relay,pod2pod,l26-node03,l26-node02,2M,1230,267,757,42.24,856,30.31,udp,0,0
22-headscale-relay,pod2svc,l26-node03,l26-node02,2M,1230,168,760,29.88,893,33.3,tcp,0,0
22-headscale-relay,pod2svc,l26-node03,l26-node02,2M,1230,265,756,41.66,906,29.98,udp,0,0
22-headscale-relay,idle,l26-node03,l26-node02,2M,1230,0,770,3.11,887,2.58,idle,0,0
22-headscale-relay,pod2pod,l26-node03,l26-node02,2M,1230,169,776,30.22,851,33.53,tcp,0,0
22-headscale-relay,pod2pod,l26-node03,l26-node02,2M,1230,268,778,42.09,846,30.62,udp,0,0
22-headscale-relay,pod2svc,l26-node03,l26-node02,2M,1230,169,782,30.04,879,33.6,tcp,0,0
22-headscale-relay,pod2svc,l26-node03,l26-node02,2M,1230,267,775,41.58,847,30.62,udp,0,0
22-headscale-relay,idle,l26-node03,l26-node02,2M,1230,0,775,3.12,875,2.71,idle,0,0
22-headscale-relay,pod2pod,l26-node03,l26-node02,2M,1230,169,782,30.38,881,33.46,tcp,0,0
22-headscale-relay,pod2pod,l26-node03,l26-node02,2M,1230,267,783,41.81,858,29.97,udp,0,0
22-headscale-relay,pod2svc,l26-node03,l26-node02,2M,1230,169,783,29.83,893,33.81,tcp,0,0
22-headscale-relay,pod2svc,l26-node03,l26-node02,2M,1230,266,777,42.56,870,30.93,udp,0,0
22-headscale-relay,idle,l26-node03,l26-node02,2M,1230,0,746,2.91,882,2.62,idle,0,0
22-headscale-relay,pod2pod,l26-node03,l26-node02,2M,1230,169,753,30.18,844,33.17,tcp,0,0
22-headscale-relay,pod2pod,l26-node03,l26-node02,2M,1230,268,753,42.15,844,30.06,udp,0,0
22-headscale-relay,pod2svc,l26-node03,l26-node02,2M,1230,170,753,29.82,873,33.51,tcp,0,0
22-headscale-relay,pod2svc,l26-node03,l26-node02,2M,1230,269,751,41.92,851,30.31,udp,0,0
22-headscale-relay,idle,l26-node03,l26-node02,2M,1230,0,763,2.91,862,2.81,idle,0,0
22-headscale-relay,pod2pod,l26-node03,l26-node02,2M,1230,169,774,29.98,864,33.39,tcp,0,0
22-headscale-relay,pod2pod,l26-node03,l26-node02,2M,1230,268,782,42.55,848,30.53,udp,0,0
22-headscale-relay,pod2svc,l26-node03,l26-node02,2M,1230,169,781,30.7,882,33.51,tcp,0,0
22-headscale-relay,pod2svc,l26-node03,l26-node02,2M,1230,267,774,42.26,849,30.5,udp,0,0
22-headscale-relay,idle,l26-node03,l26-node02,2M,1230,0,752,2.99,842,2.77,idle,0,0
22-headscale-relay,pod2pod,l26-node03,l26-node02,2M,1230,169,763,29.91,844,33.71,tcp,0,0
22-headscale-relay,pod2pod,l26-node03,l26-node02,2M,1230,267,765,41.98,855,29.97,udp,0,0
22-headscale-relay,pod2svc,l26-node03,l26-node02,2M,1230,168,765,29.67,886,33.07,tcp,0,0
22-headscale-relay,pod2svc,l26-node03,l26-node02,2M,1230,266,759,41.8,865,30.36,udp,0,0
22-headscale-relay,idle,l26-node03,l26-node02,2M,1230,0,794,2.98,881,2.52,idle,0,0
22-headscale-relay,pod2pod,l26-node03,l26-node02,2M,1230,170,798,30.4,891,33.88,tcp,0,0
22-headscale-relay,pod2pod,l26-node03,l26-node02,2M,1230,266,804,42.86,878,31.23,udp,0,0
22-headscale-relay,pod2svc,l26-node03,l26-node02,2M,1230,173,810,30.12,913,33.8,tcp,0,0
22-headscale-relay,pod2svc,l26-node03,l26-node02,2M,1230,269,797,42.21,886,30.55,udp,0,0
22-headscale-relay,idle,l26-node03,l26-node02,2M,1230,0,760,2.95,889,2.66,idle,0,0
22-headscale-relay,pod2pod,l26-node03,l26-node02,2M,1230,169,764,29.62,909,33.48,tcp,0,0
22-headscale-relay,pod2pod,l26-node03,l26-node02,2M,1230,270,762,42.2,908,30.13,udp,0,0
22-headscale-relay,pod2svc,l26-node03,l26-node02,2M,1230,168,768,30.04,859,33.5,tcp,0,0
22-headscale-relay,pod2svc,l26-node03,l26-node02,2M,1230,269,765,42.57,862,31.21,udp,0,0
22-headscale-relay,idle,l26-node03,l26-node02,2M,1230,0,768,2.81,871,2.42,idle,0,0
22-headscale-relay,pod2pod,l26-node03,l26-node02,2M,1230,169,775,29.68,878,33.59,tcp,0,0
22-headscale-relay,pod2pod,l26-node03,l26-node02,2M,1230,266,775,41.75,860,30.39,udp,0,0
22-headscale-relay,pod2svc,l26-node03,l26-node02,2M,1230,168,781,30.08,895,33.49,tcp,0,0
22-headscale-relay,pod2svc,l26-node03,l26-node02,2M,1230,266,775,41.99,867,30.18,udp,0,0
22-headscale-relay,idle,l26-node03,l26-node02,2M,1230,0,788,2.93,879,2.51,idle,0,0
22-headscale-relay,pod2pod,l26-node03,l26-node02,2M,1230,169,793,29.77,878,33.39,tcp,0,0
22-headscale-relay,pod2pod,l26-node03,l26-node02,2M,1230,265,791,41.99,861,30.26,udp,0,0
22-headscale-relay,pod2svc,l26-node03,l26-node02,2M,1230,168,795,30.19,895,33.02,tcp,0,0
22-headscale-relay,pod2svc,l26-node03,l26-node02,2M,1230,266,791,41.41,860,30.31,udp,0,0
22-headscale-relay,idle,l26-node03,l26-node02,2M,1230,0,768,3.09,877,2.56,idle,0,0
22-headscale-relay,pod2pod,l26-node03,l26-node02,2M,1230,169,779,30.24,872,33.34,tcp,0,0
22-headscale-relay,pod2pod,l26-node03,l26-node02,2M,1230,267,774,42.37,847,30.49,udp,0,0
22-headscale-relay,pod2svc,l26-node03,l26-node02,2M,1230,170,777,29.93,883,33.6,tcp,0,0
22-headscale-relay,pod2svc,l26-node03,l26-node02,2M,1230,268,775,41.96,848,30.55,udp,0,0
22-headscale-relay,idle,l26-node03,l26-node02,2M,1230,0,769,3.0,856,2.7,idle,0,0
22-headscale-relay,pod2pod,l26-node03,l26-node02,2M,1230,170,772,29.92,859,33.28,tcp,0,0
22-headscale-relay,pod2pod,l26-node03,l26-node02,2M,1230,267,772,41.72,861,30.0,udp,0,0
22-headscale-relay,pod2svc,l26-node03,l26-node02,2M,1230,169,779,30.83,859,34.23,tcp,0,0
22-headscale-relay,pod2svc,l26-node03,l26-node02,2M,1230,265,777,42.47,858,30.7,udp,0,0
22-headscale-relay,idle,l26-node03,l26-node02,2M,1230,0,746,3.05,845,2.62,idle,0,0
22-headscale-relay,pod2pod,l26-node03,l26-node02,2M,1230,169,753,30.6,829,33.53,tcp,0,0
22-headscale-relay,pod2pod,l26-node03,l26-node02,2M,1230,265,758,42.48,842,30.42,udp,0,0
22-headscale-relay,pod2svc,l26-node03,l26-node02,2M,1230,170,759,30.29,877,33.95,tcp,0,0
22-headscale-relay,pod2svc,l26-node03,l26-node02,2M,1230,268,754,41.56,845,30.25,udp,0,0
22-headscale-relay,idle,l26-node03,l26-node02,2M,1230,0,745,3.02,847,2.7,idle,0,0
22-headscale-relay,pod2pod,l26-node03,l26-node02,2M,1230,168,756,29.18,849,33.07,tcp,0,0
22-headscale-relay,pod2pod,l26-node03,l26-node02,2M,1230,265,753,41.58,849,29.91,udp,0,0
22-headscale-relay,pod2svc,l26-node03,l26-node02,2M,1230,168,759,29.55,859,32.95,tcp,0,0
22-headscale-relay,pod2svc,l26-node03,l26-node02,2M,1230,267,754,42.31,848,29.97,udp,0,0
22-headscale-relay,idle,l26-node03,l26-node02,2M,1230,0,783,2.76,894,2.52,idle,0,0
22-headscale-relay,pod2pod,l26-node03,l26-node02,2M,1230,169,789,29.55,915,33.26,tcp,0,0
22-headscale-relay,pod2pod,l26-node03,l26-node02,2M,1230,268,788,41.68,919,30.09,udp,0,0
22-headscale-relay,pod2svc,l26-node03,l26-node02,2M,1230,169,790,30.01,867,33.8,tcp,0,0
22-headscale-relay,pod2svc,l26-node03,l26-node02,2M,1230,267,786,42.17,864,30.29,udp,0,0
22-headscale-relay,idle,l26-node03,l26-node02,2M,1230,0,763,2.89,849,2.76,idle,0,0
22-headscale-relay,pod2pod,l26-node03,l26-node02,2M,1230,168,772,29.78,842,33.66,tcp,0,0
22-headscale-relay,pod2pod,l26-node03,l26-node02,2M,1230,268,773,43.32,852,30.63,udp,0,0
22-headscale-relay,pod2svc,l26-node03,l26-node02,2M,1230,168,773,29.95,886,32.93,tcp,0,0
22-headscale-relay,pod2svc,l26-node03,l26-node02,2M,1230,265,769,42.31,862,30.48,udp,0,0
22-headscale-relay,idle,l26-node03,l26-node02,2M,1230,0,754,2.85,850,2.72,idle,0,0
22-headscale-relay,pod2pod,l26-node03,l26-node02,2M,1230,170,757,30.09,843,33.49,tcp,0,0
22-headscale-relay,pod2pod,l26-node03,l26-node02,2M,1230,269,760,41.72,852,30.28,udp,0,0
22-headscale-relay,pod2svc,l26-node03,l26-node02,2M,1230,169,761,30.24,883,32.94,tcp,0,0
22-headscale-relay,pod2svc,l26-node03,l26-node02,2M,1230,267,758,41.57,852,30.61,udp,0,0
22-headscale-relay,idle,l26-node03,l26-node02,2M,1230,0,781,2.94,865,2.63,idle,0,0
22-headscale-relay,pod2pod,l26-node03,l26-node02,2M,1230,169,794,29.78,847,33.52,tcp,0,0
22-headscale-relay,pod2pod,l26-node03,l26-node02,2M,1230,267,793,42.09,851,31.13,udp,0,0
22-headscale-relay,pod2svc,l26-node03,l26-node02,2M,1230,168,794,29.8,897,32.78,tcp,0,0
22-headscale-relay,pod2svc,l26-node03,l26-node02,2M,1230,271,791,42.18,869,30.74,udp,0,0
22-headscale-relay,idle,l26-node03,l26-node02,2M,1230,0,752,3.08,886,2.63,idle,0,0
22-headscale-relay,pod2pod,l26-node03,l26-node02,2M,1230,168,758,29.62,901,33.38,tcp,0,0
22-headscale-relay,pod2pod,l26-node03,l26-node02,2M,1230,266,758,42.19,907,29.92,udp,0,0
22-headscale-relay,pod2svc,l26-node03,l26-node02,2M,1230,168,758,29.97,858,33.26,tcp,0,0
22-headscale-relay,pod2svc,l26-node03,l26-node02,2M,1230,268,752,42.1,856,30.52,udp,0,0
22-headscale-relay,idle,l26-node03,l26-node02,2M,1230,0,784,3.08,861,2.54,idle,0,0
22-headscale-relay,pod2pod,l26-node03,l26-node02,2M,1230,169,801,29.9,871,33.45,tcp,0,0
22-headscale-relay,pod2pod,l26-node03,l26-node02,2M,1230,267,797,41.92,868,30.25,udp,0,0
22-headscale-relay,pod2svc,l26-node03,l26-node02,2M,1230,168,793,29.45,882,33.52,tcp,0,0
22-headscale-relay,pod2svc,l26-node03,l26-node02,2M,1230,267,792,41.73,885,30.3,udp,0,0
22-headscale-relay,idle,l26-node03,l26-node02,2M,1230,0,772,2.99,846,2.51,idle,0,0
22-headscale-relay,pod2pod,l26-node03,l26-node02,2M,1230,170,778,30.26,847,34.06,tcp,0,0
22-headscale-relay,pod2pod,l26-node03,l26-node02,2M,1230,271,776,41.97,872,30.43,udp,0,0
22-headscale-relay,pod2svc,l26-node03,l26-node02,2M,1230,169,780,29.92,902,33.77,tcp,0,0
22-headscale-relay,pod2svc,l26-node03,l26-node02,2M,1230,267,779,41.96,891,30.25,udp,0,0
22-headscale-relay,idle,l26-node03,l26-node02,2M,1230,0,761,2.99,889,2.71,idle,0,0
22-headscale-relay,pod2pod,l26-node03,l26-node02,2M,1230,169,776,30.27,906,33.44,tcp,0,0
22-headscale-relay,pod2pod,l26-node03,l26-node02,2M,1230,269,772,41.97,910,30.76,udp,0,0
22-headscale-relay,pod2svc,l26-node03,l26-node02,2M,1230,168,772,29.61,868,33.43,tcp,0,0
22-headscale-relay,pod2svc,l26-node03,l26-node02,2M,1230,271,770,41.79,867,30.34,udp,0,0
22-headscale-relay,idle,l26-node03,l26-node02,2M,1230,0,781,2.92,897,2.56,idle,0,0
22-headscale-relay,pod2pod,l26-node03,l26-node02,2M,1230,168,789,29.42,854,33.16,tcp,0,0
22-headscale-relay,pod2pod,l26-node03,l26-node02,2M,1230,269,788,42.34,858,30.47,udp,0,0
22-headscale-relay,pod2svc,l26-node03,l26-node02,2M,1230,168,792,29.79,891,33.73,tcp,0,0
22-headscale-relay,pod2svc,l26-node03,l26-node02,2M,1230,267,793,42.13,857,30.45,udp,0,0
22-headscale-relay,idle,l26-node03,l26-node02,2M,1230,0,780,3.06,869,2.51,idle,0,0
22-headscale-relay,pod2pod,l26-node03,l26-node02,2M,1230,168,791,29.62,855,33.41,tcp,0,0
22-headscale-relay,pod2pod,l26-node03,l26-node02,2M,1230,266,786,41.54,863,29.97,udp,0,0
22-headscale-relay,pod2svc,l26-node03,l26-node02,2M,1230,167,787,30.23,905,33.43,tcp,0,0
22-headscale-relay,pod2svc,l26-node03,l26-node02,2M,1230,262,787,42.31,866,30.08,udp,0,0
22-headscale-relay,idle,l26-node03,l26-node02,2M,1230,0,790,2.88,862,2.46,idle,0,0
22-headscale-relay,pod2pod,l26-node03,l26-node02,2M,1230,169,795,30.36,863,33.54,tcp,0,0
22-headscale-relay,pod2pod,l26-node03,l26-node02,2M,1230,267,793,41.65,888,30.41,udp,0,0
22-headscale-relay,pod2svc,l26-node03,l26-node02,2M,1230,169,791,29.76,922,33.61,tcp,0,0
22-headscale-relay,pod2svc,l26-node03,l26-node02,2M,1230,269,792,42.14,926,30.37,udp,0,0
22-headscale-relay,idle,l26-node03,l26-node02,2M,1230,0,740,2.81,846,2.71,idle,0,0
22-headscale-relay,pod2pod,l26-node03,l26-node02,2M,1230,167,745,29.8,835,33.38,tcp,0,0
22-headscale-relay,pod2pod,l26-node03,l26-node02,2M,1230,268,743,42.08,840,30.24,udp,0,0
22-headscale-relay,pod2svc,l26-node03,l26-node02,2M,1230,168,742,29.83,876,33.05,tcp,0,0
22-headscale-relay,pod2svc,l26-node03,l26-node02,2M,1230,269,740,41.32,843,29.97,udp,0,0
22-headscale-relay,idle,l26-node03,l26-node02,2M,1230,0,760,2.86,871,2.68,idle,0,0
22-headscale-relay,pod2pod,l26-node03,l26-node02,2M,1230,169,769,29.82,845,33.34,tcp,0,0
22-headscale-relay,pod2pod,l26-node03,l26-node02,2M,1230,265,770,41.81,846,29.94,udp,0,0
22-headscale-relay,pod2svc,l26-node03,l26-node02,2M,1230,168,766,30.09,885,33.26,tcp,0,0
22-headscale-relay,pod2svc,l26-node03,l26-node02,2M,1230,270,767,42.39,849,31.24,udp,0,0
22-headscale-relay,idle,l26-node03,l26-node02,2M,1230,0,786,3.03,854,2.57,idle,0,0
22-headscale-relay,pod2pod,l26-node03,l26-node02,2M,1230,169,791,29.86,852,33.39,tcp,0,0
22-headscale-relay,pod2pod,l26-node03,l26-node02,2M,1230,269,788,42.2,874,30.72,udp,0,0
22-headscale-relay,pod2svc,l26-node03,l26-node02,2M,1230,169,787,30.2,917,33.93,tcp,0,0
22-headscale-relay,pod2svc,l26-node03,l26-node02,2M,1230,268,784,42.17,917,30.83,udp,0,0
22-headscale-relay,idle,l26-node03,l26-node02,2M,1230,0,774,3.09,857,2.62,idle,0,0
22-headscale-relay,pod2pod,l26-node03,l26-node02,2M,1230,170,781,29.82,863,33.11,tcp,0,0
22-headscale-relay,pod2pod,l26-node03,l26-node02,2M,1230,271,782,42.5,852,30.72,udp,0,0
22-headscale-relay,pod2svc,l26-node03,l26-node02,2M,1230,170,785,29.97,866,33.74,tcp,0,0
22-headscale-relay,pod2svc,l26-node03,l26-node02,2M,1230,273,783,42.01,871,30.78,udp,0,0
22-headscale-relay,idle,l26-node03,l26-node02,2M,1230,0,788,2.79,889,2.65,idle,0,0
22-headscale-relay,pod2pod,l26-node03,l26-node02,2M,1230,168,795,29.32,899,33.19,tcp,0,0
22-headscale-relay,pod2pod,l26-node03,l26-node02,2M,1230,267,796,41.88,881,30.3,udp,0,0
22-headscale-relay,pod2svc,l26-node03,l26-node02,2M,1230,168,798,30.55,918,33.94,tcp,0,0
22-headscale-relay,pod2svc,l26-node03,l26-node02,2M,1230,266,800,42.69,922,30.58,udp,0,0
22-headscale-relay,idle,l26-node03,l26-node02,2M,1230,0,760,3.16,869,2.69,idle,0,0
22-headscale-relay,pod2pod,l26-node03,l26-node02,2M,1230,168,768,29.86,874,33.5,tcp,0,0
22-headscale-relay,pod2pod,l26-node03,l26-node02,2M,1230,267,771,42.35,859,30.59,udp,0,0
22-headscale-relay,pod2svc,l26-node03,l26-node02,2M,1230,170,772,30.03,891,33.66,tcp,0,0
22-headscale-relay,pod2svc,l26-node03,l26-node02,2M,1230,269,771,42.24,861,30.66,udp,0,0
22-headscale-relay,idle,l26-node03,l26-node02,2M,1230,0,787,2.95,851,2.66,idle,0,0
22-headscale-relay,pod2pod,l26-node03,l26-node02,2M,1230,169,795,30.2,851,33.58,tcp,0,0
22-headscale-relay,pod2pod,l26-node03,l26-node02,2M,1230,268,789,42.26,866,30.89,udp,0,0
22-headscale-relay,pod2svc,l26-node03,l26-node02,2M,1230,168,791,29.71,900,33.44,tcp,0,0
22-headscale-relay,pod2svc,l26-node03,l26-node02,2M,1230,267,788,42.1,873,29.85,udp,0,0
22-headscale-relay,idle,l26-node03,l26-node02,2M,1230,0,751,3.11,890,2.73,idle,0,0
22-headscale-relay,pod2pod,l26-node03,l26-node02,2M,1230,169,760,30.17,851,33.78,tcp,0,0
22-headscale-relay,pod2pod,l26-node03,l26-node02,2M,1230,266,761,41.83,849,30.17,udp,0,0
22-headscale-relay,pod2svc,l26-node03,l26-node02,2M,1230,169,765,29.83,879,33.23,tcp,0,0
22-headscale-relay,pod2svc,l26-node03,l26-node02,2M,1230,268,761,41.79,846,30.19,udp,0,0
22-headscale-relay,idle,l26-node03,l26-node02,2M,1230,0,765,2.85,864,2.77,idle,0,0
22-headscale-relay,pod2pod,l26-node03,l26-node02,2M,1230,170,769,30.13,858,33.04,tcp,0,0
22-headscale-relay,pod2pod,l26-node03,l26-node02,2M,1230,272,768,42.15,873,30.23,udp,0,0
22-headscale-relay,pod2svc,l26-node03,l26-node02,2M,1230,169,770,29.81,857,33.32,tcp,0,0
22-headscale-relay,pod2svc,l26-node03,l26-node02,2M,1230,269,772,42.03,851,30.72,udp,0,0
22-headscale-relay,idle,l26-node03,l26-node02,2M,1230,0,750,2.8,886,2.62,idle,0,0
22-headscale-relay,pod2pod,l26-node03,l26-node02,2M,1230,169,761,29.85,903,33.52,tcp,0,0
22-headscale-relay,pod2pod,l26-node03,l26-node02,2M,1230,269,755,41.73,905,30.37,udp,0,0
22-headscale-relay,pod2svc,l26-node03,l26-node02,2M,1230,168,755,29.71,860,32.9,tcp,0,0
22-headscale-relay,pod2svc,l26-node03,l26-node02,2M,1230,269,756,41.97,856,30.0,udp,0,0
22-headscale-relay,idle,l26-node03,l26-node02,2M,1230,0,769,3.12,849,2.4,idle,0,0
22-headscale-relay,pod2pod,l26-node03,l26-node02,2M,1230,169,777,30.02,841,33.86,tcp,0,0
22-headscale-relay,pod2pod,l26-node03,l26-node02,2M,1230,268,775,42.02,852,30.38,udp,0,0
22-headscale-relay,pod2svc,l26-node03,l26-node02,2M,1230,169,777,29.7,886,33.61,tcp,0,0
22-headscale-relay,pod2svc,l26-node03,l26-node02,2M,1230,269,774,41.67,853,30.33,udp,0,0
22-headscale-relay,idle,l26-node03,l26-node02,2M,1230,0,742,3.11,859,2.75,idle,0,0
22-headscale-relay,pod2pod,l26-node03,l26-node02,2M,1230,170,751,29.81,841,33.54,tcp,0,0
22-headscale-relay,pod2pod,l26-node03,l26-node02,2M,1230,268,748,41.68,843,30.27,udp,0,0
22-headscale-relay,pod2svc,l26-node03,l26-node02,2M,1230,169,748,29.48,873,33.24,tcp,0,0
22-headscale-relay,pod2svc,l26-node03,l26-node02,2M,1230,267,749,41.71,841,30.54,udp,0,0
22-headscale-relay,idle,l26-node03,l26-node02,2M,1230,0,745,3.06,868,2.64,idle,0,0
22-headscale-relay,pod2pod,l26-node03,l26-node02,2M,1230,169,752,29.88,838,33.46,tcp,0,0
22-headscale-relay,pod2pod,l26-node03,l26-node02,2M,1230,266,753,41.82,844,30.13,udp,0,0
22-headscale-relay,pod2svc,l26-node03,l26-node02,2M,1230,168,754,29.65,879,33.52,tcp,0,0
22-headscale-relay,pod2svc,l26-node03,l26-node02,2M,1230,268,751,42.02,847,30.47,udp,0,0
22-headscale-relay,idle,l26-node03,l26-node02,2M,1230,0,760,2.82,890,2.6,idle,0,0
22-headscale-relay,pod2pod,l26-node03,l26-node02,2M,1230,169,774,29.86,902,33.74,tcp,0,0
22-headscale-relay,pod2pod,l26-node03,l26-node02,2M,1230,270,776,41.81,906,30.44,udp,0,0
22-headscale-relay,pod2svc,l26-node03,l26-node02,2M,1230,168,777,29.99,862,33.54,tcp,0,0
22-headscale-relay,pod2svc,l26-node03,l26-node02,2M,1230,267,776,42.84,859,31.26,udp,0,0
22-headscale-relay,idle,l26-node03,l26-node02,2M,1230,0,751,3.15,848,2.71,idle,0,0
22-headscale-relay,pod2pod,l26-node03,l26-node02,2M,1230,169,759,30.14,851,33.63,tcp,0,0
22-headscale-relay,pod2pod,l26-node03,l26-node02,2M,1230,263,761,41.89,863,30.56,udp,0,0
22-headscale-relay,pod2svc,l26-node03,l26-node02,2M,1230,169,761,29.82,913,33.01,tcp,0,0
22-headscale-relay,pod2svc,l26-node03,l26-node02,2M,1230,268,760,41.64,918,30.19,udp,0,0
22-headscale-relay,idle,l26-node03,l26-node02,2M,1230,0,781,2.9,850,2.46,idle,0,0
22-headscale-relay,pod2pod,l26-node03,l26-node02,2M,1230,168,791,29.76,846,33.23,tcp,0,0
22-headscale-relay,pod2pod,l26-node03,l26-node02,2M,1230,268,791,41.53,859,30.74,udp,0,0
22-headscale-relay,pod2svc,l26-node03,l26-node02,2M,1230,169,792,29.52,892,33.45,tcp,0,0
22-headscale-relay,pod2svc,l26-node03,l26-node02,2M,1230,270,792,41.73,856,30.34,udp,0,0
22-headscale-relay,idle,l26-node03,l26-node02,2M,1230,0,784,2.87,905,2.5,idle,0,0
22-headscale-relay,pod2pod,l26-node03,l26-node02,2M,1230,167,795,30.1,868,33.35,tcp,0,0
22-headscale-relay,pod2pod,l26-node03,l26-node02,2M,1230,264,793,42.74,866,30.49,udp,0,0
22-headscale-relay,pod2svc,l26-node03,l26-node02,2M,1230,167,796,29.57,903,33.44,tcp,0,0
22-headscale-relay,pod2svc,l26-node03,l26-node02,2M,1230,266,791,42.15,868,30.53,udp,0,0
22-headscale-relay,idle,l26-node03,l26-node02,2M,1230,0,786,2.75,872,2.48,idle,0,0
22-headscale-relay,pod2pod,l26-node03,l26-node02,2M,1230,170,797,29.76,859,33.62,tcp,0,0
22-headscale-relay,pod2pod,l26-node03,l26-node02,2M,1230,268,789,41.6,867,30.31,udp,0,0
22-headscale-relay,pod2svc,l26-node03,l26-node02,2M,1230,168,792,29.12,909,33.56,tcp,0,0
22-headscale-relay,pod2svc,l26-node03,l26-node02,2M,1230,270,790,41.08,877,30.42,udp,0,0
22-headscale-relay,idle,l26-node03,l26-node02,2M,1230,0,742,2.68,851,2.79,idle,0,0
22-headscale-relay,pod2pod,l26-node03,l26-node02,2M,1230,168,750,29.59,835,33.37,tcp,0,0
22-headscale-relay,pod2pod,l26-node03,l26-node02,2M,1230,267,751,42.31,845,30.55,udp,0,0
22-headscale-relay,pod2svc,l26-node03,l26-node02,2M,1230,169,755,29.73,881,33.45,tcp,0,0
22-headscale-relay,pod2svc,l26-node03,l26-node02,2M,1230,265,749,42.11,846,29.98,udp,0,0
22-headscale-relay,idle,l26-node03,l26-node02,2M,1230,0,783,3.02,873,2.6,idle,0,0
22-headscale-relay,pod2pod,l26-node03,l26-node02,2M,1230,169,793,29.46,868,33.24,tcp,0,0
22-headscale-relay,pod2pod,l26-node03,l26-node02,2M,1230,271,790,42.28,871,30.49,udp,0,0
22-headscale-relay,pod2svc,l26-node03,l26-node02,2M,1230,169,793,29.89,864,33.98,tcp,0,0
22-headscale-relay,pod2svc,l26-node03,l26-node02,2M,1230,271,787,41.79,858,30.57,udp,0,0
22-headscale-relay,idle,l26-node03,l26-node02,2M,1230,0,789,2.64,859,2.48,idle,0,0
22-headscale-relay,pod2pod,l26-node03,l26-node02,2M,1230,170,795,29.98,855,33.59,tcp,0,0
22-headscale-relay,pod2pod,l26-node03,l26-node02,2M,1230,270,795,42.98,865,30.97,udp,0,0
22-headscale-relay,pod2svc,l26-node03,l26-node02,2M,1230,170,794,30.02,901,33.67,tcp,0,0
22-headscale-relay,pod2svc,l26-node03,l26-node02,2M,1230,269,792,41.66,878,30.49,udp,0,0
22-headscale-relay,idle,l26-node03,l26-node02,2M,1230,0,780,3.21,869,2.47,idle,0,0
22-headscale-relay,pod2pod,l26-node03,l26-node02,2M,1230,169,789,29.83,873,33.19,tcp,0,0
22-headscale-relay,pod2pod,l26-node03,l26-node02,2M,1230,268,785,41.17,856,30.01,udp,0,0
22-headscale-relay,pod2svc,l26-node03,l26-node02,2M,1230,169,789,30.39,902,34.11,tcp,0,0
22-headscale-relay,pod2svc,l26-node03,l26-node02,2M,1230,268,785,42.63,870,30.74,udp,0,0
22-headscale-relay,idle,l26-node03,l26-node02,2M,1230,0,756,2.93,843,2.68,idle,0,0
22-headscale-relay,pod2pod,l26-node03,l26-node02,2M,1230,169,764,29.85,839,33.41,tcp,0,0
22-headscale-relay,pod2pod,l26-node03,l26-node02,2M,1230,268,764,41.8,848,30.05,udp,0,0
22-headscale-relay,pod2svc,l26-node03,l26-node02,2M,1230,169,761,29.9,881,33.66,tcp,0,0
22-headscale-relay,pod2svc,l26-node03,l26-node02,2M,1230,268,764,42.06,847,30.55,udp,0,0
22-headscale-relay,idle,l26-node03,l26-node02,2M,1230,0,784,2.82,882,2.52,idle,0,0
22-headscale-relay,pod2pod,l26-node03,l26-node02,2M,1230,168,795,29.83,887,33.37,tcp,0,0
22-headscale-relay,pod2pod,l26-node03,l26-node02,2M,1230,267,793,42.73,865,30.88,udp,0,0
22-headscale-relay,pod2svc,l26-node03,l26-node02,2M,1230,167,790,29.19,899,32.84,tcp,0,0
22-headscale-relay,pod2svc,l26-node03,l26-node02,2M,1230,267,791,42.28,866,30.41,udp,0,0
22-headscale-relay,idle,l26-node03,l26-node02,2M,1230,0,765,3.12,874,2.62,idle,0,0
22-headscale-relay,pod2pod,l26-node03,l26-node02,2M,1230,170,766,29.86,874,33.45,tcp,0,0
22-headscale-relay,pod2pod,l26-node03,l26-node02,2M,1230,271,765,41.67,858,30.56,udp,0,0
22-headscale-relay,pod2svc,l26-node03,l26-node02,2M,1230,169,768,29.97,886,33.51,tcp,0,0
22-headscale-relay,pod2svc,l26-node03,l26-node02,2M,1230,269,762,41.82,862,30.8,udp,0,0
22-headscale-relay,idle,l26-node03,l26-node02,2M,1230,0,766,2.98,869,2.53,idle,0,0
22-headscale-relay,pod2pod,l26-node03,l26-node02,2M,1230,170,774,29.63,875,33.78,tcp,0,0
22-headscale-relay,pod2pod,l26-node03,l26-node02,2M,1230,266,778,42.23,846,30.48,udp,0,0
22-headscale-relay,pod2svc,l26-node03,l26-node02,2M,1230,169,783,30.05,887,33.77,tcp,0,0
22-headscale-relay,pod2svc,l26-node03,l26-node02,2M,1230,268,777,42.11,857,30.55,udp,0,0
22-headscale-relay,idle,l26-node03,l26-node02,2M,1230,0,743,2.73,841,2.76,idle,0,0
22-headscale-relay,pod2pod,l26-node03,l26-node02,2M,1230,170,751,29.85,839,33.65,tcp,0,0
22-headscale-relay,pod2pod,l26-node03,l26-node02,2M,1230,265,756,41.98,860,29.93,udp,0,0
22-headscale-relay,pod2svc,l26-node03,l26-node02,2M,1230,168,753,29.84,893,33.04,tcp,0,0
22-headscale-relay,pod2svc,l26-node03,l26-node02,2M,1230,265,750,41.33,902,30.34,udp,0,0
22-headscale-relay,idle,l26-node03,l26-node02,2M,1230,0,788,2.86,905,2.7,idle,0,0
22-headscale-relay,pod2pod,l26-node03,l26-node02,2M,1230,169,800,29.9,933,33.63,tcp,0,0
22-headscale-relay,pod2pod,l26-node03,l26-node02,2M,1230,268,796,42.13,933,30.62,udp,0,0
22-headscale-relay,pod2svc,l26-node03,l26-node02,2M,1230,169,802,30.33,893,33.62,tcp,0,0
22-headscale-relay,pod2svc,l26-node03,l26-node02,2M,1230,268,794,42.59,889,31.92,udp,0,0
22-headscale-relay,idle,l26-node03,l26-node02,2M,1230,0,788,2.92,884,2.66,idle,0,0
22-headscale-relay,pod2pod,l26-node03,l26-node02,2M,1230,169,795,30.08,889,33.25,tcp,0,0
22-headscale-relay,pod2pod,l26-node03,l26-node02,2M,1230,270,793,42.26,873,30.38,udp,0,0
22-headscale-relay,pod2svc,l26-node03,l26-node02,2M,1230,169,796,29.97,910,33.49,tcp,0,0
22-headscale-relay,pod2svc,l26-node03,l26-node02,2M,1230,273,791,41.59,878,30.87,udp,0,0
22-headscale-relay,idle,l26-node03,l26-node02,2M,1230,0,773,2.88,884,2.61,idle,0,0
22-headscale-relay,pod2pod,l26-node03,l26-node02,2M,1230,170,777,30.04,852,33.82,tcp,0,0
22-headscale-relay,pod2pod,l26-node03,l26-node02,2M,1230,269,777,41.63,848,30.16,udp,0,0
22-headscale-relay,pod2svc,l26-node03,l26-node02,2M,1230,170,779,30.05,880,33.61,tcp,0,0
22-headscale-relay,pod2svc,l26-node03,l26-node02,2M,1230,270,779,41.95,847,30.63,udp,0,0
22-headscale-relay,idle,l26-node03,l26-node02,2M,1230,0,763,3.1,853,2.51,idle,0,0
22-headscale-relay,pod2pod,l26-node03,l26-node02,2M,1230,169,774,29.89,858,33.53,tcp,0,0
22-headscale-relay,pod2pod,l26-node03,l26-node02,2M,1230,266,772,41.96,850,30.82,udp,0,0
22-headscale-relay,pod2svc,l26-node03,l26-node02,2M,1230,170,770,30.04,877,33.59,tcp,0,0
22-headscale-relay,pod2svc,l26-node03,l26-node02,2M,1230,271,770,41.9,875,30.6,udp,0,0
22-headscale-relay,idle,l26-node03,l26-node02,2M,1230,0,788,2.9,859,2.73,idle,0,0
22-headscale-relay,pod2pod,l26-node03,l26-node02,2M,1230,169,796,30.0,862,33.11,tcp,0,0
22-headscale-relay,pod2pod,l26-node03,l26-node02,2M,1230,268,798,42.11,876,30.61,udp,0,0
22-headscale-relay,pod2svc,l26-node03,l26-node02,2M,1230,169,798,29.82,911,33.5,tcp,0,0
22-headscale-relay,pod2svc,l26-node03,l26-node02,2M,1230,267,793,42.04,888,30.38,udp,0,0
22-headscale-relay,idle,l26-node03,l26-node02,2M,1230,0,782,2.85,892,2.52,idle,0,0
22-headscale-relay,pod2pod,l26-node03,l26-node02,2M,1230,169,786,29.81,907,33.53,tcp,0,0
22-headscale-relay,pod2pod,l26-node03,l26-node02,2M,1230,266,790,41.99,911,30.11,udp,0,0
22-headscale-relay,pod2svc,l26-node03,l26-node02,2M,1230,169,793,30.27,875,34.33,tcp,0,0
22-headscale-relay,pod2svc,l26-node03,l26-node02,2M,1230,270,790,42.16,873,31.06,udp,0,0
22-headscale-relay,idle,l26-node03,l26-node02,2M,1230,0,765,3.07,851,2.55,idle,0,0
22-headscale-relay,pod2pod,l26-node03,l26-node02,2M,1230,170,773,30.1,841,33.6,tcp,0,0
22-headscale-relay,pod2pod,l26-node03,l26-node02,2M,1230,270,767,41.75,863,30.43,udp,0,0
22-headscale-relay,pod2svc,l26-node03,l26-node02,2M,1230,169,770,29.89,909,33.6,tcp,0,0
22-headscale-relay,pod2svc,l26-node03,l26-node02,2M,1230,272,767,41.83,912,31.23,udp,0,0
22-headscale-relay,idle,l26-node03,l26-node02,2M,1230,0,752,3.13,872,2.75,idle,0,0
22-headscale-relay,pod2pod,l26-node03,l26-node02,2M,1230,169,761,29.51,872,33.37,tcp,0,0
22-headscale-relay,pod2pod,l26-node03,l26-node02,2M,1230,269,763,42.24,851,30.55,udp,0,0
22-headscale-relay,pod2svc,l26-node03,l26-node02,2M,1230,169,765,29.95,885,33.17,tcp,0,0
22-headscale-relay,pod2svc,l26-node03,l26-node02,2M,1230,268,761,42.26,851,30.39,udp,0,0
22-headscale-relay,idle,l26-node03,l26-node02,2M,1230,0,785,2.89,884,2.62,idle,0,0
22-headscale-relay,pod2pod,l26-node03,l26-node02,2M,1230,169,788,30.34,889,33.54,tcp,0,0
22-headscale-relay,pod2pod,l26-node03,l26-node02,2M,1230,269,787,42.76,872,30.81,udp,0,0
22-headscale-relay,pod2svc,l26-node03,l26-node02,2M,1230,168,793,29.91,906,33.36,tcp,0,0
22-headscale-relay,pod2svc,l26-node03,l26-node02,2M,1230,267,785,41.88,915,30.42,udp,0,0
22-headscale-relay,idle,l26-node03,l26-node02,2M,1230,0,784,2.55,858,2.52,idle,0,0
22-headscale-relay,pod2pod,l26-node03,l26-node02,2M,1230,170,791,29.41,862,33.3,tcp,0,0
22-headscale-relay,pod2pod,l26-node03,l26-node02,2M,1230,268,787,43.29,859,31.09,udp,0,0
22-headscale-relay,pod2svc,l26-node03,l26-node02,2M,1230,169,791,30.25,865,33.39,tcp,0,0
22-headscale-relay,pod2svc,l26-node03,l26-node02,2M,1230,266,787,42.56,862,30.5,udp,0,0
22-headscale-relay,idle,l26-node03,l26-node02,2M,1230,0,752,3.15,857,2.61,idle,0,0
22-headscale-relay,pod2pod,l26-node03,l26-node02,2M,1230,169,755,30.31,860,33.64,tcp,0,0
22-headscale-relay,pod2pod,l26-node03,l26-node02,2M,1230,268,755,41.82,851,30.54,udp,0,0
22-headscale-relay,pod2svc,l26-node03,l26-node02,2M,1230,169,765,29.84,863,33.73,tcp,0,0
22-headscale-relay,pod2svc,l26-node03,l26-node02,2M,1230,268,757,42.28,865,30.32,udp,0,0
22-headscale-relay,idle,l26-node03,l26-node02,2M,1230,0,750,3.01,845,2.76,idle,0,0
22-headscale-relay,pod2pod,l26-node03,l26-node02,2M,1230,169,754,29.5,840,33.17,tcp,0,0
22-headscale-relay,pod2pod,l26-node03,l26-node02,2M,1230,267,757,41.96,867,29.93,udp,0,0
22-headscale-relay,pod2svc,l26-node03,l26-node02,2M,1230,169,760,29.98,898,33.34,tcp,0,0
22-headscale-relay,pod2svc,l26-node03,l26-node02,2M,1230,267,753,42.03,904,30.38,udp,0,0
